rid,id,text
1000,1000:0,Manzara sahane evet ama servis rezalet.
1000,1000:1,"Soguk su isteyince, soguk yok, butun sulari disari cikardik diyen garson, siparisten tam 2 saat sonra gelen yemekler, yemegin yaninda soylenen roka ve pureden eser olmamasi, istedigimiz 2 mezenin de kalmamis olmasi."
1000,1000:2,"Yemekler iyi hos, lezzetler iyi ama heyecan verici bi taraflari yok, iyi bir baligi iyi bir sekilde izgara yapmak artik atla deve bi olay degil."
1000,1000:3,bu servise bu fiyatlar ise cok faZla.
1000,1000:4,Lacivert beni kalitesinin dusukluguyle cok sasirtti
1001,1001:0,Nerden baslasam bilemedim.
1001,1001:1,Buraya bu kadar iyi yorum yapanlar her halde daha Ã¶nce hiÃ§ balik yemediler.
1001,1001:2,Kalamardan ve koladan Ã¶nce balik geldi ve apar topar Ã¶nÃ¼mÃ¼ze atildi.
1001,1001:3,ayrica gelen kalamar soguk ve sÃ¼nger gibiydi.
1001,1001:4,uzun lafin kisasi kesinlikle ve asla bir daha gitmem ve tavsiyede etmem.
1001,1001:5,Daha Ã¶nce de sÃ¶yledigim gibi bÃ¼yÃ¼dÃ¼kÃ§e kalitesi dÃ¼sen yerlerden
1002,1002:0,Kesinlikle ev yemegi degil - Bu kadar basarisiz ev yemekleri olmasina ragmen Ã¶gle saatlerinde ki yogunlugu Ã§Ã¶zebilmis degilim.
1002,1002:1,Ya insanlar gerÃ§ekten ev yemeginin nasil oldugunu bilmiyorlar.
1002,1002:2,Ya da herkes benim gibi 1 kere deniyor ve bir daha gitmiyor.
1002,1002:3,1 kere denedigim fiyatlarinin yÃ¼ksek yemeklerinin lezzetsiz oldugu bir mekan Ã¶nermiyorum.
1003,1003:0,"mekanÄ±n giriÅŸinde kasap reyonu Ä±ÅŸÄ±ltÄ±lÄ±,sÄ±cak bir ortam yaratÄ±lmaya Ã§alÄ±ÅŸÄ±lmÄ±ÅŸ manzara olmadÄ±ÄŸÄ± iÃ§in bulunduÄŸu konumda pek samimi bulmadÄ±m."
1003,1003:1,garsonumuz ilgisizdi biz sÃ¶yledikce yaptÄ± buda benim restauranttan beklentimi zayÄ±flatÄ±yor.
1003,1003:2,lokumun daha iyisini yedim kÃ¼ÅŸleme gÃ¼zeldi.
1003,1003:3,ÅŸazeli salata yani...
1003,1003:4,bilemedim mekana daha sonra belki bir ÅŸans daha verebilirim.
1004,1004:0,2 sene Ã¶nce hÄ±zlÄ± bir kahvaltÄ± yapmak iÃ§in geldiÄŸimiz mekana dair hatÄ±rÄ±mda kalan 6 tl lik Ã§ayÄ± oldu:
1004,1004:1,) menÃ¼de dikkat etmemiÅŸtik ama hesap gelince ufak bir ÅŸok yaÅŸamÄ±ÅŸtÄ±kğŸ˜© gÃ¼zel olabilir ama kahvaltÄ±dan fazla Ã¶dediÄŸimiz Ã§ay yÃ¼zÃ¼nden bir daha uÄŸramadÄ±k.
1005,1005:0,ÅatobiryanÄ± Ã¶neririm.
1005,1005:1,Sosu tereyagli ve yumusak .
1005,1005:2,Sert et sevmeyenler icin cok lezzetliydi.
1005,1005:3,Guvecte yogurt ve salatayla iyi bir uclu oldu.
1005,1005:4,Servisi hizli valesi var.
1005,1005:5,Acik mekanda ise gardenya bolumu guzel.
1005,1005:6,Kalabalik icin ideal.
1005,1005:7,Yaninda cafe ve nargile bolumu var.
1006,1006:0,"Cok fazla cesit var,insanin kafasi karÄ±ÅŸÄ±yor dogrusu."
1006,1006:1,Bugun Ã§alÄ±ÅŸan arkadasin yonlendirmesiyle siyah caylardan bourbon vanilla ictik.
1006,1006:2,Vanilya tadi gerÃ§ekten baya hissediliyodu ama ben beyaz caylarini daha cok begenmistim.
1006,1006:3,"Ortam gÃ¼zel,Ã¶zellikle rahat oturma kÃ¶ÅŸeleriğŸ‘Œ Esas kahve sever biri oldugum icin cok tercih ettigim mekan deÄŸil ama yine de arada degisiklik icin guzel olabilir."
1007,1007:0,YoÄŸun olduÄŸu gÃ¼nlerde(cumartes-pazar) gitmenizi tavsiye etmem.
1007,1007:1,Lezzet deÄŸiÅŸiyor...
1007,1007:2,Åubelerden en iyisi Pendik merkez ana ÅŸubesi iyidir.
1008,1008:0,BugÃ¼ne kadar dÄ±ÅŸarÄ±da yediÄŸim en lezzetli kurufasÃ¼lyeci.
1008,1008:1,Bir arkadaÅŸÄ±mÄ±n tavsiyesi ile OrtakÃ¶y ÅŸubesine gittim.
1008,1008:2,"Fasulyesi aÄŸÄ±zda daÄŸÄ±lÄ±yor adeta, lokum gibi."
1008,1008:3,DuyduÄŸum kadarÄ±yla suda deÄŸil sÃ¼tte bekletiyorlarmÄ±ÅŸ.
1008,1008:4,"YanÄ±nda turÅŸu, cacÄ±k veya yoÄŸurtla harika oluyor."
1008,1008:5,"PilavÄ± da Ã§ok lezzetli, mis gibi tereyaÄŸ kokuyor."
1008,1008:6,Finali sÃ¼tlaÃ§la yapmanÄ±zÄ± tavsiye ediyorum.
1008,1008:7,SÃ¼tlacÄ± da enfes.
1009,1009:0,"Hard Rock Cafe'de hiÃ§ sÄ±ra beklemeden oturmaya alÄ±ÅŸÄ±k deÄŸiliz ki biz, Avrupa veya Amerika'dakilerle aynÄ± duyguyu vermiyor bu sebeple ama lezzet tabii yine aynÄ±."
1009,1009:1,AtÄ±ÅŸtÄ±rmalÄ±k Jumbo Combo pek yummy!
1010,1010:0,Deniz Ã¼rÃ¼nleri Ã§ok baÅŸarÄ±lÄ±.
1010,1010:1,ManzarasÄ± zaten mÃ¼kemmel.
1010,1010:2,"BÃ¼tÃ¼n istanbul'un gÃ¼zelliÄŸini, yoÄŸunluÄŸunu hissediyorsun."
1010,1010:3,Onun dÄ±ÅŸÄ±nda pek Ã¶ÄŸrenci mekanÄ± deÄŸil.
1010,1010:4,"Ã–zel gÃ¼nlerde gidilecek, kÃ¼Ã§Ã¼k kutlamalar yapÄ±lacak bir yer"
1011,1011:0,"RahatÃ§a sohbet edebilmek istiyorsanÄ±z, orta mÃ¼kemmel."
1011,1011:1,"Ã‡alan mÃ¼zik tam kÄ±vamÄ±nda, rahatsÄ±z etmiyor."
1011,1011:2,"Yemekleri Ã§ok lezzetli, manzara mÃ¼kemmel."
1011,1011:3,"ancak hesap biraz abartÄ±lÄ± geliyor, balÄ±k yemeden kiÅŸi baÅŸÄ± 100 liradan fazla Ã¶dedik, itiraz etmek gerekir."
1012,1012:0,Kalabalik zamanlarda servis fazlasiyla aksiyor.
1012,1012:1,"Bosken soylemis oldugum makarna ne kadar hizli geldiyse, mekanin dolmasiyla arkadasimin soylemis oldugu siparis unutuldu, defalarca hatirlatma yapmamiz gerekti."
1012,1012:2,Ayrica masalarin fazla ic ice olmasi zaman zaman rahatsiz olmaniza neden olabiliyor
1013,1013:0,"KÄ±ÅŸ aylarÄ±nda iÃ§erideki sÄ±cak ve loÅŸ Ä±ÅŸÄ±klÄ± ortamÄ±nda gÃ¼zel yemekler yiyebilir, yazÄ±n da dÄ±ÅŸarÄ±da o harika Ã§ilekli magnoliasÄ±ndan tadabilirsiniz."
1013,1013:1,Ä°Ã§inizi serinletecek enfes bir tat.
1014,1014:0,Garsonlar suratsiz.
1014,1014:1,Bu kadar methedilmeyi hakketmiyor.
1014,1014:2,Kasarli kÃ¶ftenin iÃ§inde kasar olmayan ve kÃ¶fte ustasi geÃ§inen bir yer!
1014,1014:3,AÃ§iklama:
1014,1014:4,kasarla kÃ¶fte yoguruluyormus.
1014,1014:5,Isletme sahibi kaba.
1014,1014:6,Bizim kasarli kÃ¶fte tanimimiz bÃ¶yle diyor sadece!
1014,1014:7,MÃ¼steri memnuniyeti sifir!
1015,1015:0,"YÄ±llarÄ±n Sampi'si, canÄ±m pide istediÄŸimde eve sipariÅŸ iÃ§in tercih ettiÄŸim yerlerdendir."
1015,1015:1,O zaman keÅŸke baÅŸlangÄ±Ã§larda menÃ¼de yer almasa!
1015,1015:2,BeÅŸiktaÅŸ'ta tam otobÃ¼s duraklarÄ±nÄ±n arkasÄ±nda olmasÄ±ndan dolayÄ± ulaÅŸÄ±mÄ± Ã§ok kolay ve fiyatlarÄ± elbette Ã§ok makul.
1015,1015:3,Ä°lk defa bir ÅŸubesine gidip oturup yemek yedim.
1015,1015:4,"Ben Ã§Ä±tÄ±r pide sevenlerdenim, dolayÄ±sÄ±yla sipariÅŸi verirken Ã¶zellikle rica ettim ve gerÃ§ekten de Ã§itir Ã§itir pide geldi."
1015,1015:5,Ancak maalesef birlikte gittiÄŸim arkadaÅŸlarÄ±m hiÃ§ sevmezmiÅŸ Ã§Ä±tÄ±r pideyi ve tabii ki onlarÄ±n ki de Ã§Ä±tÄ±r geldi.
1015,1015:6,Evet suÃ§luyum!
1015,1015:7,Tek ayak Ã¼stÃ¼nde kÃ¶ÅŸeme Ã§ekiliyorum!
1015,1015:8,Neyse tadÄ± paket servisten elbette Ã§ok daha iyidi neticede beklemeden yeme imkanÄ±nÄ±z var.
1015,1015:9,"Malzemesi bol, porsiyonu tam kÄ±vamÄ±ndaydÄ±."
1015,1015:10,"BaÅŸlangÄ±Ã§ olarak Lahmacun sipariÅŸ etmek istemiÅŸtik, ancak garson Lahmacunun Pide'den daha uzun sÃ¼rdÃ¼ÄŸÃ¼nÃ¼ belirtti, Ã§Ã¼nkÃ¼ hamuru taze aÃ§Ä±lÄ±yormuÅŸ."
1016,1016:0,BeÅŸiktaÅŸ'Ä±n gÃ¶beÄŸinde.
1016,1016:1,"Ã‡ok da pide delisi olmayan, baÅŸka bir ÅŸubesine bugÃ¼ne kadar da hiÃ§ gitmemiÅŸ biri."
1016,1016:2,Ve deneyim maalesef Ã§ok da olumlu olmadÄ±.
1016,1016:3,"Pide lezzeti lafÄ±m yok, ama sipariÅŸ verirken bir arkadaÅŸÄ±mÄ±zÄ±n kenarlarÄ±nÄ± Ã§Ä±tÄ±r Ã§Ä±tÄ±r istemesini yanlÄ±ÅŸ anlamÄ±ÅŸ olacak ki, tÃ¼m sipariÅŸleri Ã§Ä±tÄ±r Ã§Ä±tÄ±r getirdi."
1016,1016:4,"SevmediÄŸimden yiyemedim kenarlarÄ±nÄ±, ama ortasÄ± pek lezizdi."
1016,1016:5,"BaÅŸlangÄ±Ã§ iÃ§in menÃ¼de baÅŸlangÄ±Ã§larda yer alan lahmacunun, ana yiyecek pideden daha geÃ§ gelecek olmasÄ± ise ayrÄ± bi durumdu tabii."
1016,1016:6,"Yemek yemek iÃ§in Ã§ok fazla vaktiniz yoksa, bÃ¼tÃ§eyi Ã§ok sarsmayalÄ±m, Ã§ok keyifli yemek yemesek de olur yeter ki karnÄ±mÄ±z doysun diye dÃ¼ÅŸÃ¼nenler iÃ§in Ã‡arÅŸÄ±'nÄ±n gÃ¶beÄŸinde Sampi gayet ideal."
1017,1017:0,Servis:
1017,1017:1,4 Fiyat:
1017,1017:2,5 Mekan:
1017,1017:3,8 Lezzet:
1017,1017:4,"4 sicak iceceklerde servis agir, kahvalti icin tercih edilwbilir olsa da lezzete gore fiyat yuksek kaliyor."
1018,1018:0,Mutlaka bir hafta Ã¶nceden rezarvasyon yaptÄ±rÄ±n iyi bir rum meyhanesi yemekleri baÅŸarÄ±lÄ± olduÄŸu gibi ÅŸahane bir manzarasÄ± var bu mekanÄ±n en bÃ¼yÃ¼k olayÄ± sÃ¼rekli ikram yapmalarÄ±dÄ±r pahalÄ± olmasÄ±na raÄŸmen hak ediyor.
1018,1018:1,Mutlaka Ä±zgara mantar ve istakoz kavurma deneyin gittiÄŸim ve hiÃ§bir zaman piÅŸman olmadÄ±ÄŸÄ±m ender yerlerden biridir
1019,1019:0,Baliklarin yanina Rum ve ermeni mutfagindan mezelerde pek bir yakisiyor.
1019,1019:1,"kuskonmaz somon sarma,kagitta balik pastirma kesinlikle denenmeli."
1020,1020:0,Burada caylar harika!
1020,1020:1,Bourbon Vanilla 34 numarali cay.
1020,1020:2,Vanilla ve portakal aromasina doyamayacaginiz harika bir lezzet olmus.
1020,1020:3,Ortam muhabbet edebilmek icin gayet guzel fakat manzara beklentiniz var ise baska yeri tercih etmelisiniz.
1020,1020:4,Tam tamina 60 farkli cesit cay bulabileceginiz bu mekani ziyaret etmelisiniz!
1021,1021:0,"HoÅŸ bi mekan, severek giderim ve ayrÄ±lÄ±rken de memnuniyetle ayrÄ±lÄ±rÄ±m her zaman."
1021,1021:1,"Ã–zellikle akÅŸamlarÄ± gidilmesini tavsiye ederim, kÃ¶prÃ¼nÃ¼n ve hisarÄ±n Ä±ÅŸÄ±klarÄ± yandÄ±ÄŸÄ±nda ayrÄ± bi zevki var."
1021,1021:2,Hemde canlÄ± mÃ¼zikle :
1022,1022:0,Daha iyisi var.
1022,1022:1,Buranin doneri dedikleri kadar efsane degil.
1022,1022:2,"Eti yagli , kokuyor, ince dilinmis ve en kotusu aradan 3 saat gecmesine ragmen migdem bulaniyor."
1022,1022:3,Ortami da begenmedim kalabalik 3. Sinif bir yer.
1022,1022:4,Bir daha gitmem
1023,1023:0,"Eti lezzetli, mekan gÃ¶steriÅŸli."
1023,1023:1,Ama sunum resmen sÄ±fÄ±r.
1023,1023:2,30 tl aldÄ±ÄŸÄ±nÄ±z hamburger iÃ§in dÃ¼z beyaz tabaÄŸa koymaktan Ã¶teye gidebilirsiniz bence?
1023,1023:3,HavuÃ§ dilimi ise aÅŸÄ±rÄ± yaÄŸlÄ± ve ÅŸerbetli.
1023,1023:4,Pek yaratÄ±cÄ± Ã¶zel bir yanÄ± yok.
1024,1024:0,Pazar gÃ¼nÃ¼ 14.30'a kadar kahvaltÄ± dÄ±ÅŸÄ± servis yapmayan Big Chefs!
1024,1024:1,"KahvaltÄ± sonrasÄ± kahve iÃ§meye gittik, kapÄ±dan dÃ¶ndÃ¼k ve saat 13.30'du, ÅŸaka sandÄ±m bir an..."
1024,1024:2,"OlmadÄ± Big Chefs, zincirsin sen..."
1025,1025:0,Leventte ki buyuk alisveris merkezlerinden cok sÄ±kÄ±lmÄ±ÅŸ olarak buraya gidelim dedik.
1025,1025:1,Ben kofte durum arkadasim tavuk WRAP( menu de meksika mutfagi olarak adlandirilmis bolumde ismi bÃ¶yle geciyordu biz garson beye tavuk durum diyince garson bey buyuk bi titizlikle onun wrap oldugunu soyledi) istedi.
1025,1025:2,Menude yazilmis olmasina ragmen tavuk WRAPimiz patates ile gelmedi nedenini sordugumuz da patatesi kaldirdiklarini menulerini henuz degistirmediklerini soylediler.
1025,1025:3,Gelen tavuk Wrapten 5 dakika sonra biz kofte durum istememize ragmen tavuk sis dÃ¼rÃ¼mu geldi durumu soyledik ve degistirdiler.
1025,1025:4,"Tavuklar kupkuruydu, kofte durum ise siradandi."
1025,1025:5,Ikisininde yanindaki yesillikler sus icin konulmus olup yemeye kalktigimizda aci bi tatla karsilastik.
1025,1025:6,"Zeytinyagli tabagi soyledik icinde fasulye, barbunya, biber dolmasi, sarma ve saksuka vardi."
1025,1025:7,Tadlari yerindeydi fakat az koymak icin bayagi bi zorlamislar kendilerini.
1025,1025:8,"Fiyatlar normal, servis cok yavaÅŸ, tuvaletler ise pis."
1026,1026:0,"gÃ¼zel olan tek sey manzaraydi, evet Ã§ocuk oyun alani var bakimsiz servis elemanlari suratsiz, hele omlet yapan bir bayan var ki benim oturdugum masa dibindeydi gelen herkese bir surat bir tavir ben bÃ¶yle birsey gÃ¶rmedim ."
1026,1026:1,"aÃ§ik bÃ¼fe kahvaltisi evet Ã§esit Ã§oktu ancak sunum beni tatmin etmedi, temizlik hijyen hissi uyandirmadi."
1027,1027:0,Hos mekan - Mekan yaklasik 3-4 aydir var Tuzla'da.
1027,1027:1,Gidilebilecek iyi yerlerden birisi.
1027,1027:2,Ilk aÃ§ildigi ay gittigimizde Ã§ok memnun kalmistik ama daha sonraki gidislerimizde servisin Ã§ok fazla aksadigina ve garsonlarin yogunluk nedeni ile herkes ile ilgilenememesini gÃ¶zlemledik.
1027,1027:3,Ã‡ok az sayida garson Ã§alisiyor ve bazen mekan dolu olunca yetemiyorlar.
1027,1027:4,Diger Mado subeleri kadar genis bir menÃ¼ seÃ§enekleri yok.
1027,1027:5,Klasik dondurma spesiyalleri ve tatlililari var.
1028,1028:0,"Internetten arastirip gittigim bir yerdi, ancak maalesef beklentilerimi Ã§ok karsilamadi."
1028,1028:1,Garsonlar istediginiz seyi en az iki kere istemeden maalesef getirmiyorlar.
1028,1028:2,Internetteki resimlerinden gÃ¶rÃ¼ndÃ¼gÃ¼ kadar gÃ¼zel degildi.
1029,1029:0,Su bÃ¶regi ile kahvalti yaptim bugÃ¼n.
1029,1029:1,Su bÃ¶regi oldukÃ§a lezzetli idi.
1029,1029:2,Ã‡ay kÃ¶tÃ¼ mÃ¼ydÃ¼?
1029,1029:3,"Hayir, Ã§ok taze ve lezzetliydi."
1029,1029:4,Beklentimin Ã¼stÃ¼ndeydi.
1030,1030:0,Her yÃ¶nÃ¼yle ideal - Bizim okula Ã§ok yakin oldugu iÃ§in Ã§ok sik gittigimiz bir yerdir ve muhtesemdir zaten manzarasi.
1030,1030:1,DÃ¼gÃ¼nler falan da yapilir.
1030,1030:2,Ama konaklamasi yok diye biliyorum.
1030,1030:3,Yazin daha zevkli oluyor manzaraya karsi oturmasi.
1030,1030:4,Marmara Ã¶grencilerine de indirimli fiyat uygulamasi var.
1030,1030:5,O yÃ¼zden de bizim iÃ§in avantajli oluyor.
1030,1030:6,"GÃ¶zleme yapan teyzeler de var bu yil, kumpir servisine de basladilar."
1030,1030:7,KuafÃ¶rÃ¼ de Ã§ok ucuz ve iyi ayrica.
1030,1030:8,Daha ne olsun =)
1031,1031:0,GÃ¼zel manzara ancak fiyat performans olarak mutfak yeterli deÄŸil.
1031,1031:1,Bu kadar Ã¼nlÃ¼ olmasÄ±nÄ± reklama baÄŸlÄ±yorum Ã§Ã¼nkÃ¼ Ã§ok daha iyi deniz Ã¼rÃ¼nlerini daha uygun fiyatlarla yiyebileceÄŸiniz bir sÃ¼rÃ¼ yer var Ä°stanbul'da.
1031,1031:2,ParanÄ±z Ã§oksa deneyin ama ÅŸart da deÄŸil:
1032,1032:0,DÃ¶ner gÃ¼zel ok ama giderek daha kalabalik hale hatta sisen restoranda omuz omuza kolunuzu kipirdatamadan feci bir gÃ¼rÃ¼ltÃ¼ iÃ§inde yemek yemek zorunda kaliyorsunuz.
1033,1033:0,"Sicak bir ortam - Yeri iyi olmasa da, zevkli dÃ¶senmis, yemekleri sunum ve tat aÃ§isindan tatmin edici, renkli bir mekan."
1033,1033:1,Sira bekleme olayi ise Ã§ok kÃ¶tÃ¼...
1034,1034:0,Aci sevmeyenlere uygun bir mekan degil.
1034,1034:1,"Manzara muhtesem,ortam gÃ¼zel ama bir karisik kÃ¶fte tabagi acili kÃ¶fteyle geliyorsa,fajita da aciysa bana uygun degil."
1035,1035:0,Sadece meze yiyin.
1035,1035:1,Her hafta gelmeye Ã§alÄ±ÅŸÄ±yoruz.
1035,1035:2,"BÃ¼tÃ¼n balÄ±klarÄ± deÄŸiÅŸik soslarla piÅŸirip getiriyorlar, siz dur diyene kadar da mezeler gelmeye devam ediyor."
1035,1035:3,Rekorum 9 meze!
1035,1035:4,BalÄ±ÄŸÄ±n fast food gibi yenildiÄŸi yer.
1035,1035:5,YavaÅŸ yavaÅŸ balÄ±k keyfi yapmak isterseniz Ã¶nermem.
1035,1035:6,Servisi Ã§ok hÄ±zlÄ±.
1035,1035:7,MÄ±sÄ±r ekmeÄŸi de sÄ±cacÄ±k bayÄ±lÄ±yorum.
1036,1036:0,"60 Ã§eÅŸit Ã§ay, ruh dinlendirici mÃ¼zikler, keyifli ortam, hayal kÄ±rÄ±klÄ±ÄŸÄ± yaratan Mizuno Pudding ve farklÄ± da olsa alt tarafÄ± Ã§ay iÃ§miÅŸtim, bu hesap da ne ÅŸimdi dedirten bir hesap :"
1036,1036:1,) Evet aynen bÃ¶yle olmuÅŸtu Dem'de...
1036,1036:2,"Hem Ã§ok keyif almÄ±ÅŸtÄ±m, hem de yok yok bir Ã§ay iÃ§in bu kadar paraya deÄŸmez demiÅŸtim ve Ã¶ve Ã¶ve bitirilmeyen Mizuno Pudding'i beÄŸenmemiÅŸtim."
1037,1037:0,PizzalarÄ±nÄ±n methini Ã§ok duyup bir tÃ¼rlÃ¼ gidemediÄŸimiz yerlerden biriydi burasÄ±...
1037,1037:1,Neden ÅŸimdiye kadar gelmemiÅŸim dedim.
1037,1037:2,Servisten de oldukÃ§a memnun kaldÄ±k.
1037,1037:3,Biz erken saatte gittik ama akÅŸamlarÄ± romantik bir yemek iÃ§in oldukÃ§a ideal bir mekan...
1038,1038:0,Hangi gÃ¼n hangi saat gidilse kalabalÄ±ktan kurtulmak mÃ¼mkÃ¼n deÄŸil.
1038,1038:1,Ã‡oluÄŸu Ã§ocuÄŸu toplayan ev hanÄ±mlarÄ± gruplarÄ± mekana olan ilgiyi azaltÄ±yor.
1038,1038:2,Garsonlar iyi.
1038,1038:3,ÃœrÃ¼nlerin lezzeti diÄŸer SÃ¼tiÅŸ'lerle aynÄ±.
1039,1039:0,"Ansiklopedi kalinliginda menuyu getirip siparisinizi vermek istediginizde o yok, bu uok,su kalmadi seklinde ifadelerle birturlu istediginiz tatliyi yiyemediginiz mekan isletmecisine konuyu ilettiginizde yapacak birseyleri olmadigini buyuk rahatlikla dile getiren , garsonlarinin sattiklari urunden haberdar olmayip isteklerinizi yerine gec veya yanlis getirmeleride cabasi."
1039,1039:1,Kesinlikle tavsiye etmiyorum.
1040,1040:0,DiÄŸer ÅŸubesinin efsaneleÅŸen hikayelerinin ardÄ±ndan defalarca hep belirli sebeplerle geldiÄŸimiz Eleos bence cidden abartÄ±lÄ±yor.
1040,1040:1,YeÅŸilkÃ¶y ÅŸubesini bilemem ama burasÄ± standart Ã¼zerinde yine de o fiyatlar bence Ã§ok saÃ§ma.
1040,1040:2,AyrÄ±ca fix menÃ¼ zorlamasÄ± gibi en sinir bozucu uygulamayÄ± burada normalleÅŸtirmiÅŸ durumdalar.
1040,1040:3,Mezeler de vasatÄ±n Ã¼zerinde.
1040,1040:4,Balkon/teras bÃ¶lÃ¼mÃ¼ de cidden Ã§ok kÃ¼Ã§Ã¼k.
1040,1040:5,Yine de AsmalÄ±mescit bÃ¶lgesindeki meyhanelere gÃ¶re daha fazla tercih edilir bir mekan.
1041,1041:0,Her zaman gittigim ve servisi her zaman igrenc olan bu mekan artiik iyice rezalet sinirlarini zorlamis.
1041,1041:1,Mekanin isletmecisi beyin tavri tarzi konusmasi uslubu ve terbiyesi yerlerde.
1041,1041:2,Mekanin populerligi yuzunden rahatlar sanirim ama bu rahatlikla populerligi kisa surede kaybederler.
1041,1041:3,Istanbulda tek manzara goren yer olmamakla beraber yemekleride son derece lezzetsiz.
1041,1041:4,Zaten bu saatten sonra sultan sofrasida kursa o isletmeciyle bu mekana bir daha adimimi atmam.
1042,1042:0,"Yemekler super lezzetli, ogle yemeginde cok kalabalik ama saat 2 sonrasinda rahat."
1042,1042:1,"Bir tabaga 5 farkli cesit isteyebilirsiniz, ozellikle bugday salatasi ve havuc salatasi muhtesem mutlaka deneyin"
1043,1043:0,Istanbulda baklavanÄ±n adresi.
1043,1043:1,"KarakÃ¶yden, EminÃ¶nÃ¼nden geÃ§erken uÄŸramalÄ±sÄ±nÄ±z."
1043,1043:2,Sadece baklava deÄŸil karÄ±ÅŸÄ±k tabak yaptÄ±rÄ±n.
1043,1043:3,Ã‡ikolatalÄ± baklavayÄ±da Ã¶zellikle bayanlara tavsiye ederim
1044,1044:0,"yurtdisindan gelen misafirlerimi memnun etmesiyle,manzarasiyla ve tabii ki meze ve yemekleriyle begenimi kazanmis oldu gelinir tadilir calan muzikler guzel ayari sohbetle hos bir fon oluyor."
1045,1045:0,Burayi seviyorum gerÃ§ekten.
1045,1045:1,ortaya karisik sÃ¶ylerseniz herseyin tadina bakabilirsiniz.
1045,1045:2,Hersey lezzetli statÃ¼sÃ¼ne Ã§ok yakin.
1045,1045:3,Keyifli vakit geÃ§irirsiniz emin olun.
1046,1046:0,"Bira dÄ±ÅŸÄ±nda baÅŸka bir ÅŸey iÃ§menizi istemeyen mekan, bira 7,8 lira iken votka 25, ÅŸarap 17.5..."
1046,1046:1,"Onun dÄ±ÅŸÄ±nda, belirli bir saatten sonra mÃ¼zik saÄŸÄ±r edici seviyeye ulaÅŸmakta."
1047,1047:0,BalÄ±klarÄ±ndan daha Ã§ok kendine has mezeleriyle Ã¶n plana Ã§Ä±kmÄ±ÅŸ AlkolsÃ¼z bir BalÄ±kÃ§Ä± .
1047,1047:1,mezeleri gerÃ§ekten standartlarÄ±n Ã¼zerinde mekan neredeyse her gÃ¼n akÅŸam saatlerinde yoÄŸun oluyor .
1047,1047:2,bunun haricinde Ã§alÄ±ÅŸanlarÄ±n ilgiside gayet iyi
1048,1048:0,Tam bir hayal kÄ±rÄ±klÄ±ÄŸÄ±.
1048,1048:1,Combo tabaÄŸÄ± hayalleriyle gittik ve ÅŸaka gibi iÃ§inde iki Ã¼Ã§ parÃ§a olan Ã§ok lezzetsiz bir tabak geldi.
1048,1048:2,Hamburgerleri vasat.
1048,1048:3,Ã‡ok Ã§ok kÃ¶tÃ¼
1049,1049:0,SÃ¼tiÅŸtir dedik kahvaltÄ± yapalÄ±m dedik piÅŸman olduk valla.
1049,1049:1,PorsiyonlarÄ± Ã§ok kÃ¼Ã§Ã¼k fiyatlar Ã§ok PahalÄ±.
1049,1049:2,Garsonlar ilgisiz Ã§aylarÄ± kÃ¶tÃ¼.
1049,1049:3,Arada bir belki tatlÄ± yemeye gidilebilir.
1049,1049:4,O da manzarasÄ± iÃ§in.
1050,1050:0,Egzotik Ã§aylarÄ± seviyorsanÄ±z mutlaka uÄŸramanÄ±z gereken bir mekan.
1050,1050:1,Bourbon vanilla ve Irish Malt tavsiye ettiÄŸim Ã§aylar arasÄ±nda.
1050,1050:2,"Servis kaliteli, Ã§alÄ±ÅŸanlarÄ± ise inanÄ±lmaz ilgili."
1050,1050:3,SevdiÄŸiniz Ã§aylarÄ±n bazÄ±larÄ±nÄ± paket olarak satÄ±n alabiliyorsunuz da.
1050,1050:4,Mekandaki mÃ¼zik seÃ§imleri de harika.
1050,1050:5,Bazen inanÄ±lmaz kalabalÄ±k olabiliyor haliyle Ã¶yle gÃ¼nlerde serviste aksaklÄ±klar yaÅŸanabiliyor.
1051,1051:0,Mekan gÃ¼zel ferah.
1051,1051:1,Servis Ã§ok hÄ±zlÄ±.
1051,1051:2,Ã‡ok fazla Ã§eÅŸit var.
1051,1051:3,BazÄ± Ã§eÅŸitler kebapla Ã§ok alakasÄ±z olabiliyor.
1051,1051:4,FiyatlarÄ± makul.
1051,1051:5,Yemekler lezzetli
1052,1052:0,"Manzara gÃ¼zel,yemekler gÃ¼zel ama servis berbat."
1052,1052:1,Bir defa demlik Ã§ay iÃ§mek istedik musluk suyu ile yapmÄ±ÅŸlar kÃ¼f kokuyordu.
1052,1052:2,Sonra deÄŸiÅŸtirip damacana suyu ile yaptÄ±lar.
1052,1052:3,KÄ±sacasÄ± berbat.
1053,1053:0,Sahura arkadaslarla gittik.
1053,1053:1,AÃ§ik bÃ¼fe sahurdu.
1053,1053:2,"Mekani Ã§ok gÃ¼zel, Ã§esitler inanilmaz derecede bol ve lezzetli."
1053,1053:3,servisi gayet iyi.
1053,1053:4,"Tesis, Fethi Pasa korulugunun iÃ§inde yer aliyor."
1054,1054:0,Etler kalitesi ortalama.
1054,1054:1,Lezzet ortalama.
1054,1054:2,Neyle kÄ±yaslanarak Ã§ok beÄŸenildiÄŸini merak ediyorum aÃ§Ä±kÃ§asÄ±.
1054,1054:3,Mekan gÃ¼zel.
1054,1054:4,Bu et bu parayÄ± asla hak etmiyor.
1054,1054:5,NasÄ±l ve neden bilmiyorum Florya Åazeli'de etin daha lezzetli olduÄŸu sÃ¶yleniyor.
1054,1054:6,Oraya da gidip tadacaÄŸÄ±m.
1055,1055:0,Kuru fasulye iÃ§in gidilir.
1055,1055:1,GÃ¼zel yapÄ±yorlar.
1055,1055:2,"Pilav, ayran eÅŸliÄŸinde iyi bir menÃ¼."
1055,1055:3,"Ama servis konusunda personelinden memnun deÄŸilim, bu konuda kendilerini inÅŸ."
1055,1055:4,deÄŸiÅŸtirirler
1056,1056:0,Mart ayinin son gunu bugun berbatti burasi.
1056,1056:1,"Kahvaltiliklar geldi cay yok gelen menemen bozuk domatesten,kokusu tadi yenecek gibi degil, yan masada surekli onu istemistik biz gelmedi diyip durdu bizim gibi."
1056,1056:2,Normalde sevdigim bir kahvalticiydi bgn ne yedigimi anladim ne bisi!
1057,1057:0,Nereye gitsek kararsÄ±zlÄ±ÄŸÄ±na dÃ¼ÅŸmek Ã¼zereyken kurtarÄ±cÄ± olan mekandÄ±r KÃ¼tÃ¼k Ev.
1057,1057:1,"Ä°Ã§eriden ve dÄ±ÅŸarÄ±dan tamamen bir daÄŸ evini andÄ±rmasÄ±yla egzotik bir havaya sahip olan mekanda servis nispeten hÄ±zlÄ±, fiyatlar pahalÄ± deÄŸil, bahÃ§esi gÃ¼zel."
1057,1057:2,KÄ±ÅŸÄ±n daha Ã§ok tercih edilebilecek bir yer ama yazÄ±n da gidilir gidilmesine.
1058,1058:0,Sunduklari lezzetleri ve gÃ¶sterdikleri ilgi ile KÃ¼Ã§Ã¼k Ev sayesinde gÃ¼zel bir aksam geÃ§irdik.
1058,1058:1,Ardindan en Ã§ok begendigim ise dÃ¶ner oldu.
1058,1058:2,Gayet lezzetliydi.
1058,1058:3,Bence buraya yolunuz dÃ¼serse dÃ¶nerini ve kavurmali pidesini kesinlik denemenizi Ã¶neririm.
1058,1058:4,Diger yediklerimizide begendim hepsi gÃ¼zellerdi.
1058,1058:5,Kendi Ã¼retimleri manda yogurtlarinida denemenizde fayda var.
1058,1058:6,Tatlilardan ise en Ã§ok kazandibini ve kaymakli ayva tatlisini begendim.
1058,1058:7,"Fiyatlar ise sunulan hizmet, kalite ve merkezi konumundan dolayi uygun sayilir."
1058,1058:8,Son resimde menÃ¼ iÃ§erigini gÃ¶rebilirsiniz.
1058,1058:9,Ã–ncelikle ortamini Ã§ok begendim.
1058,1058:10,"GÃ¼zel, sik ve ferah bir ortami var."
1058,1058:11,Ã–zellikle restorantin tam ortasindaki agaÃ§ Ã§ok hosuma gitti.
1058,1058:12,Bence asla kesilmemesi lazim.
1058,1058:13,O agaci korumak iÃ§in gÃ¶sterdiginiz Ã§aba kesinlikle isletmenizin sayginligini fazlasiyla arttiracaktir.
1058,1058:14,Hazir Ã¼rÃ¼nlerden Ã§ok yÃ¶resel ve kendi Ã¼retimleri Ã¼rÃ¼nleri kullaniyor oluslari Ã§ok hosuma gitti.
1058,1058:15,Trabzon ve Rizeden gelen kavurmalar ile yapilan kasarli ve kavurmali pide beni benden aldi.
1058,1058:16,Harikaydi...
1059,1059:0,"Umdugumu degil buldugumu yedim - Arkadaslarim Ã§ok Ã¶vdÃ¼, geldim yedim bitiremedim."
1059,1059:1,Yani gÃ¼zel degildi.
1059,1059:2,Damak tadima hitap edemedi aÃ§ikÃ§asi.
1059,1059:3,Biberler kizartilmadan atilmis iÃ§ine.
1059,1059:4,Bol yumurtali ve birkaÃ§ parÃ§a domates atilmis iÃ§ine.
1059,1059:5,Adeta menemen degil biberli omlet olmus gibi.
1059,1059:6,AÃ§ik ayrani fena degildi.
1059,1059:7,Begendim diyebilirim.
1060,1060:0,Manzara disinda deneyimlenecek bir yemegi yok gereksiz pahali ve verdiginiz paraya asla degmeyen menusu var aslinda yok cunku cesit yok.
1060,1060:1,hamburgerini deneyelim dedik kendisi 35tl sunum berbat hamburgeri lezzetli degil saoganlar karamelize degil sadece patates kizartmasi guzel onu da mc donaldsta yeyin.
1061,1061:0,dÃ¼n gidip yeniden kahvalti etme firsati buldugum yer.
1061,1061:1,iki kisi olarak bir kahvalti tabagina ek bir sepet patates ve bir menemen sÃ¶yledik.
1061,1061:2,ben arkadasim ve 2.5 yasindaki oglum rahatlikla doyduk.
1061,1061:3,bir kahvalti tabagi ile gelen Ã§ay Ã¼cretsizdi.
1061,1061:4,yukaridaki masaya ek olarak 3 bardak Ã§ay ve su dahil 42 tl Ã¼cret Ã¶dedik.
1061,1061:5,kahvalti tabagi 17.90 tl menemen 10 tl patates 8 tl.
1062,1062:0,Sani Istanbul'un dÃ¶rt bir kÃ¶sesine yayilmis durumda.
1062,1062:1,Fakat benim Ã§ok yakinimda olmasina ragmen Ã§ok sik gitmeyi tercih etmiyorum.
1062,1062:2,Etine eyvallah fakat fiyat konusunda Ã§ok uÃ§uklar.
1062,1062:3,Biraz daha ortamini sik hale dÃ¶nÃ¼stÃ¼rÃ¼rlerse daha fazla mÃ¼steri Ã§ekeceklerine eminim.
1063,1063:0,Bu kadar Ã§ok ve lezzetli Ã§ay Ã§eÅŸidini bir arada bulmak Ã§ok gÃ¼zel.
1063,1063:1,"KarakÃ¶yÃ¼n dar sokak aralarÄ±nda, sokaÄŸa koyduÄŸu masalarÄ±yla insanÄ± farklÄ± bir atmosfere sÃ¼rÃ¼klÃ¼yor."
1063,1063:2,Servis Ã§ok Ã¶zenli ve gÃ¼zel.
1063,1063:3,MÃ¼ÅŸterisi genÃ§ bir kitle.
1063,1063:4,KÃ¼l tablalarÄ±nÄ±n dolu ve pis durmasÄ± bana Starbucks'Ä± hatÄ±rlattÄ±.
1064,1064:0,Manzara'ya tabikide yÄ±ldÄ±zlÄ± 5 !
1064,1064:1,Dekorasyon da bir o kadar gÃ¼zel.
1064,1064:2,EÄŸer sabÄ±rlÄ±ysanÄ±z ve denize biraz daha yakÄ±n olayÄ±m diyorsanÄ±z iyi ÅŸanslar ne kadar bekleyeceÄŸiniz bir muamma.
1064,1064:3,Tek kÃ¶tÃ¼ yanÄ± bu olabilir burasÄ±nÄ±n benim aÃ§Ä±mdan.
1064,1064:4,Fiyatlar gerÃ§ekten bir tÄ±k Ã¼stte ama manzara gÃ¶zÃ¼mÃ¼ her defasÄ±nda kÃ¶r ediyor ve gÃ¶rmezden gelebiliyorum.
1064,1064:5,AÅŸk-Ä± Memnu'yu tatmayan kalmasÄ±n!
1064,1064:6,BurdaysanÄ±z mutlaka deneyin KuÅŸ YuvasÄ± yenmesi biraz zor bir tatlÄ± ama o da gÃ¼zel bir alternatif.
1065,1065:0,yazÄ±n dÄ±sarÄ±da yer bulmasÄ± epey zor.
1065,1065:1,fakat kÄ±zartma combosu bir harika.
1065,1065:2,sÃ¼rekli kalabalik nedeniyle servis oldukca yavas.
1065,1065:3,bazen bir hesabÄ±n gelmesi bile yarÄ±m saat sÃ¼rebiliyor.
1066,1066:0,Sadece Ã¼n yapmak iÅŸte hepsi bundan ibaret.
1066,1066:1,ParasÄ±yla almÄ±yormuÅŸ gibi davran panpa konsept esinmesi bÃ¼lent ersoyun fevkinde
1067,1067:0,"3 arkadaÅŸ yaz baÅŸÄ± gittik,dÃ¶ner kÄ±sma oturduk 7-8 dakika sipariÅŸ almaya gelen olmadÄ±."
1067,1067:1,"MasalarÄ± silen bir personel vardÄ± bakarmÄ±sÄ±nÄ±z dedik,baktÄ± ama bakmasamÄ±ydÄ±."
1067,1067:2,Bi dakka bekleyin iÅŸim var gÃ¶rÃ¼yorsunuz tarzÄ± bir fÄ±rÃ§a.
1068,1068:0,Evet yemekler lezzetli ortam guzel fakat hafta sonu gittigimiz icin midir bilmemm cok kalabalikti.
1068,1068:1,Calisanlar pek ilgili degildi hesabi tam 17482 garsona soylememize ragmen yarim saat sonra geldi abartisiz.
1069,1069:0,iÃ§ecek Ã§eÅŸitliliÄŸi konusunda biraz yetersiz ancak fiyat olarak tartÄ±ÅŸmasÄ±z Ã§evresine gÃ¶re Ã§ok Ã§ok ucuz.
1069,1069:1,civarda sÄ±caktan bunalÄ±p serinlemek istiyorsanÄ±z boÄŸazÄ±n kenarÄ±ndaki masalardan birine oturup canlÄ± mÃ¼zik eÅŸliÄŸinde soÄŸuk birÅŸeyler iÃ§ebilirsiniz.
1069,1069:2,TÃ¼rk kahvesi de fena deÄŸil.
1070,1070:0,"Manzarasi ve dizayni guzel fakat garsonlar ilgisiz, porsiyonlar cok kucuk ve pahali."
1070,1070:1,Arap turistlerin ugrak mekani.
1070,1070:2,Lezzet eh iste.
1070,1070:3,Ozetle manzara disinda bisey yok.
1071,1071:0,Happy hour icin vazgecilmez nokta.
1071,1071:1,Bence burgerleri ve pizzasi Kanyon'da yenebilecek acik ara en iyi.
1071,1071:2,Zincirler icinde tek tercih edilebilir yer.
1072,1072:0,Adi her ne kadar pizzaci olsa da ne yazik ki pizzalar ortalama.
1072,1072:1,Neden bu kadar popÃ¼ler oldugunu anlamiyorum.
1072,1072:2,Hatta bazi pizzalarda dominosun benzerleri tercih edilebilir.
1073,1073:0,Num Num gerÃ§egi - Yediginiz herseyin hakkini verdikleri bir gerÃ§ek.
1073,1073:1,Yemeklerin doyuruculugu ve lezzeti tartisilmaz ancak Ã¶gle saatlerinde yer bulmakta oldukÃ§a sikintili.
1074,1074:0,Manzaraya da sufleye de bayildik.
1074,1074:1,Karsida isiklariyla Rumeli Hisari ve kÃ¶prÃ¼ manzarasi esliginde bir aksamÃ¼stÃ¼ Big Chefs'te oturmak Ã§ok keyifliydi.
1074,1074:2,"Sufle 13,5 lira, Ã§ay 4,5 lira."
1075,1075:0,Levent Ã§arsinin iÃ§inde bulunan express daha genÃ§ bir gÃ¶rÃ¼nÃ¼me sahip.
1075,1075:1,Ã–zellikle paket servisi iÃ§in aÃ§ilmis.
1075,1075:2,Burada sulu yemek yok.
1075,1075:3,GenÃ§ler ve Ã¶grenciler iÃ§in fiyatlari daha uygun tutmuslar.
1075,1075:4,Lahmacun dÃ¶ner burger pide ve kÃ¶fte Ã§esitleri mevcut.
1076,1076:0,Iftar menÃ¼sÃ¼ 80 TL.
1076,1076:1,Ezogelin Ã§orba Ã§ok tuzluydu.
1076,1076:2,Ve erken servis edildigi iÃ§in iftara kadar sogudu.
1076,1076:3,IÃ§li kÃ¶fte ve pirzola gÃ¼zeldi.
1076,1076:4,Servis elemanlari yetersiz oldugu iÃ§in yavasti.
1076,1076:5,Her seyden Ã¶te bÃ¶yle bir mekana bu tuvaletler hiÃ§ yakismiyor
1077,1077:0,"Bir yer dÃ¼ÅŸÃ¼nÃ¼n ki iÃ§ecekler bardakla geliyor, garsonlar suratsÄ±z ve Islak mendil bulunmuyor sebepsiz yere -_- buraya ne olmuÅŸ bÃ¶yle !"
1077,1077:1,Hayal kÄ±rÄ±klÄ±ÄŸÄ±
1078,1078:0,Bir kaÃ§ kez yemek yeme fÄ±rsatÄ± bulduÄŸum mekan.
1078,1078:1,"Civardaki restorantlardan pek bir farkÄ± yok, servisi yavaÅŸ."
1078,1078:2,Fiyatlar da aynÄ± ÅŸekilde civardakilerle hemen hemen aynÄ±.
1079,1079:0,Her deniz Ã¼rÃ¼nÃ¼nÃ¼ karÄ±ÅŸtÄ±rÄ±p Ã¶nÃ¼nÃ¼ze getiriyorlar.
1079,1079:1,AÃ§Ä±kÃ§asÄ± hicbirinin tadÄ±nÄ± tam alamiyorsunuz.
1079,1079:2,Balik ve deniz Ã¼rÃ¼nlerini Ã§ok sevmeyenler Balik KFCsi kÄ±vamÄ±nda olduÄŸu ve KÄ±zartma bol olduÄŸu iÃ§in sevebilirler.
1079,1079:3,Sadece soya soslu somon baÅŸarÄ±lÄ±ydÄ±.
1080,1080:0,"Kisin iÃ§ kismi dag evini animsatan, yazin bahÃ§esi yesillikler icersinde ve ferah olan, aÃ§ik bÃ¼fe kahvaltisi zengin Ã§esitleriyle bir hayli rabet gÃ¶ren, bunun haricinde genellikle nargile severlerin ugrak mekani olan tatli bir cafe."
1081,1081:0,"Utanmadan bozuk iÃ§li kÃ¶fte, acilasmis tereyagi servis edebilen bir mekan..."
1081,1081:1,Garsonu bu kadar uyardigimizda ise sadece iletirim dedi.
1081,1081:2,Ã–zÃ¼r bile dilemediler.
1082,1082:0,Machiato dediÄŸim halde yerine espresso servis eden iÅŸletme.
1082,1082:1,"BoÅŸ bardak, fincan, tabak masada bekliyor, toplayan yok."
1082,1082:2,"MenÃ¼deki Ã§eÅŸitleri sorunca, o yok, bu yok, onun yerine ÅŸunu verelim, bunu verelim."
1082,1082:3,"Kirli, iyi yÄ±kanmamÄ±ÅŸ bardakla Ã§ay servisi."
1082,1082:4,Mado'nun genel hastalÄ±klarÄ±nÄ±n bir araya gelmiÅŸ hali gibi.
1082,1082:5,Manzara satÄ±yor burada da.
1082,1082:6,Yoksa Mado'larÄ±n kÃ¶tÃ¼ bir Ã¶rneÄŸi.
1082,1082:7,"HaklarÄ±nÄ± yemeyelim, iki gÃ¼nlÃ¼k gazete bulup okuyabildik."
1083,1083:0,Ev yemekleri hergÃ¼n farkli - Tipki anne eli degmis gibi lezzetli ev yemekleri...
1083,1083:1,Mekan Ã§ok kÃ¼Ã§Ã¼k hemen doluyor.
1083,1083:2,Ã–glenleri yer bulamadigimiz Ã§ok oluyor.
1083,1083:3,Genelde Ã¼rÃ¼nler lezzetli ve fiyat da uygun .
1083,1083:4,Ã–glen iÃ§in tercih edilebilir ama 12yi Ã§ok geÃ§irmemek gerekiyor...
1084,1084:0,"Cok guzel sirin bir mekan yemekler kokteyliler super manzara cok iyi, tabiki bu guzel seyler icin sira bekleyebilirsiniz."
1085,1085:0,MantarlÄ± pizzaya ( porchini ve kestane) sucuk eklettim.
1085,1085:1,Malzemeler gÃ¼zel ama hamuru Ã§ok sevemedim.
1085,1085:2,Sanki hazÄ±r gibi geldi.
1085,1085:3,Genel olarak mekan ÅŸirin.
1085,1085:4,Fiyatlar upper crust ayarÄ±nda ama lezzet ve Ã¶lÃ§Ã¼ farklÄ±.
1085,1085:5,KarÅŸÄ±laÅŸtÄ±rÄ±rsak; bence upper crust hamur ve Ã¶lÃ§Ã¼ olarak daha iyi.
1085,1085:6,Alkol olsa daha tutulabilirler.
1085,1085:7,Ã‡Ã¼nkÃ¼ bulunduklarÄ± lokasyonda rakip Ã§ok.
1086,1086:0,HayatÄ±mÄ±n en pahalÄ± yemeÄŸini yediÄŸim restoran.
1086,1086:1,Yemekler lezzetli olmasÄ±na raÄŸmen FSM kÃ¶prÃ¼sÃ¼nÃ¼n baÅŸÄ±nÄ±zÄ±n Ã¼stÃ¼nde zebellah gibi durmasÄ± manzaranÄ±n keyfini kaÃ§Ä±rmakta.
1086,1086:2,Yemek porsiyonlarÄ± Ã§ok kÃ¼Ã§Ã¼k.
1086,1086:3,Vale hizmeti var.
1086,1086:4,HayatÄ±nÄ±zda bir defa gidilebilecek bir yer.
1087,1087:0,Rock'n Roll burger yedim.
1087,1087:1,Burger ekmegi yumusamis dagiliyordu.
1087,1087:2,Icinde ki sos da pek bi istah acici degildi.
1087,1087:3,Ortami guzel gidilecekse onun icin gidelebilir.
1088,1088:0,"Mekan enteresan bir havaya sahip , haftaici aksamlari abiler ellerinde nargilelerle Ã§ayla muhabbetin dibine vururken."
1088,1088:1,Hafta sonu sabahlari ozellikle evli ve cocuklu ciftlerin kahvalti merkezi oluyor.
1088,1088:2,Yemeklerini ve caylarini begendigim.
1088,1088:3,Fiyat olarak gayet mantikli bir isletme.
1088,1088:4,Tavsiyemdir
1089,1089:0,Kendilerine Ã¶zel biralarÄ± mevcut olsaydÄ± belki daha gÃ¼zel olurdu ama standart biralardan iÃ§mek durumunda kaldÄ±k.
1089,1089:1,Bunun haricinde servis iyi garsonlar gÃ¼leryÃ¼zlÃ¼ ve rahat bir mekan.
1089,1089:2,Yemekler de farklÄ± tadlar var.
1089,1089:3,Cuma iÅŸ Ã§Ä±kÄ±ÅŸÄ± arkadaÅŸlarla takÄ±lmalÄ±k bir mekan.
1090,1090:0,Ã‡ok fazla lezzetli alternatifi bulunan menÃ¼sÃ¼nÃ¼ seviyorum.
1090,1090:1,Citys'in alt katÄ±ndayken tanÄ±dÄ±k sevdik.
1090,1090:2,"Magnolia'sÄ± ayrÄ±, limonatasÄ± ayrÄ± gÃ¼zel."
1090,1090:3,Bir peynirli tostu bile Ã§ok Ã¶zenle sunuyorlar.
1091,1091:0,Somon Ä±zgarasÄ±na 4 puan.
1091,1091:1,Hem saÄŸlÄ±klÄ± hem de doyurucu.
1091,1091:2,GÃ¼zel bir Ã¶ÄŸle yemeÄŸi molasÄ±.
1091,1091:3,BahÃ§esi de gÃ¼zel.
1091,1091:4,SalÄ±ncaÄŸÄ± bile var.
1091,1091:5,Yemek Ã¼zerine de soÄŸuk kahve iyi gidiyor.
1092,1092:0,"BoÄŸazÄ±n en gÃ¼zel yerlerinden birinde, sÄ±cak, sempatik ve zevkli dekorasyonu ve ÅŸahane manzarasÄ±, genÃ§ mÃ¼ÅŸteri kitlesi, gÃ¼zel mÃ¼zikleri yetmezmiÅŸ gibi gÃ¼ler yÃ¼zlÃ¼ arkadaÅŸca servisi de mÃ¼kemmel."
1092,1092:1,KahvaltÄ± seÃ§enekleri Ã§ok iyi.
1092,1092:2,Yemekleri de fena deÄŸil.
1092,1092:3,TÃ¼m bu Ã¶zelikleri gÃ¶z Ã¶nÃ¼ne alÄ±nca fiyatlar Ã§ok makul geliyor.
1092,1092:4,"Gece, gÃ¼ndÃ¼z, her zaman iÃ§in Ã¶neririm."
1092,1092:5,Ã–zellikle yaz aylarÄ±nda.
1093,1093:0,Besiktaki en hakiki pideci diyebilirim.
1093,1093:1,ben bu yuzden tatli yemegi tercih etmedim.
1093,1093:2,fiyatlari 13-17 tl arasi porsiyonlari 1.5 olarak buyutmek de mumkun.
1093,1093:3,puanimdan sirf yavas yuzunden kisiyorum!
1093,1093:4,otobus duraginin hemen karsisinda yeri cok kolay.
1093,1093:5,kucuk ama hep dolu olan bir pideci.
1093,1093:6,porsiyonu tam malzemesi bol hamuru citir citir fakat servis icin ayni hosnutluktan bahsedemicem.
1093,1093:7,servis oldukca yavas.
1093,1093:8,yavas demek bile az kalir.
1093,1093:9,az vaktiniz varsa kesinlikle ogle saatlerinde ugramayiniz.
1093,1093:10,besiktas da yiyebilceniz en iyi pide ama odun atesinde pisenin yerini tutmuyor tabiki.
1093,1093:11,tatli secenekleri de mevcur sufle ve kunefe var menu de var da pide o kadar gec gelince insani tatli siparisi dusunduruyor.
1094,1094:0,Eski kalitesinde olmasada hala iyi diyelim talep Ã§ok olunca ister istemez kalite ve servis vasata dÃ¼ÅŸÃ¼yor etleri kenfi Ã§iftliklerinden otopark sorun fiatlar normal
1095,1095:0,"Manzarasi icin gidilesi cafe , cok fazla yazacak bisey yok."
1095,1095:1,fiyatlar standart seviyede.
1095,1095:2,otopark sorunu yok.
1095,1095:3,sessiz sakin ve huzurlu bir mekan.
1096,1096:0,Kuru fasulyesi lezzetli.
1096,1096:1,Sutlaci tavsiye edilir.
1096,1096:2,KÃ¶ftesi de kaliteli.
1096,1096:3,Sade gÃ¼zel bir yer.
1096,1096:4,Ã‡alÄ±ÅŸanlar ilgili kibar.
1096,1096:5,OrtakÃ¶ye yolu dÃ¼ÅŸen ugramali.
1097,1097:0,Park sorunu ciddi.
1097,1097:1,Valesi var gerÃ§i.
1097,1097:2,Pazar sabahlarÄ± brunch dÄ±ÅŸÄ±nda seÃ§eneÄŸiniz yok.
1097,1097:3,Brunch Ã§eÅŸitleri ehh.
1097,1097:4,Masaya istenen sucuklu yumurtanÄ±n sucuÄŸuna extra Ã¼cret istenmesi ayÄ±p.
1097,1097:5,MekanÄ±n lokasyonu on numara ama rezervasyonsuz deniz kenarÄ± masa bulmanÄ±z imkansÄ±z.
1097,1097:6,"BÃ¶yle bir brunch iÃ§in 59TL, 4 ince dilim sucuk iÃ§in 5TL extra Ã¼cret mÃ¢nÃ¢sÄ±z."
1098,1098:0,"HisarÃ¼stÃ¼'ndeki diÄŸer mekanlara nazaran bÃ¼yÃ¼k olmasÄ±yla fark yaratÄ±yor ama eÄŸer kalabalÄ±k bir grup deÄŸilseniz, HisarÃ¼stÃ¼'ndeki diÄŸer yerleri tercih edebilirsiniz."
1098,1098:1,En son kabalÄ±k bir grup halinde gittiÄŸimizde sipariÅŸlerde karÄ±ÅŸÄ±klÄ±k olmuÅŸtu malesef.
1099,1099:0,"Tek kelimeyle muhtesem bir lezzet, doner kesimi tam olarak usta isi."
1099,1099:1,Yagsiz ve cok lezzetli.
1099,1099:2,Yaninda getirdikleri tandir lavasi ise bugune kadar yedigim en lezzetli lavas.
1099,1099:3,Oturdugunuz gibi siparisiniz aliniyor ve hemen servis yapilmaya baslaniyor.
1099,1099:4,Ortaya ise salata ve patates kizartmasi getiriyolar.
1099,1099:5,Acik ara en iyi donerci.
1100,1100:0,Big chefs her daim ÅŸiÅŸirilmiÅŸ bir kafedir.
1100,1100:1,Ã‡Ã¼nkÃ¼ size oluru olmayan fiyatlar sunar.
1100,1100:2,Bunun yanÄ± sÄ±ra ÅŸube aÃ§tÄ±ÄŸÄ± semtler ortadadÄ±r.
1100,1100:3,Ä°sim yapmÄ±ÅŸtÄ±r Ã§Ã¼nkÃ¼ pahalÄ± olduÄŸu iÃ§in kaliteli algÄ±sÄ± yaratÄ±r .
1100,1100:4,"Bir ayvalÄ±k tostuna 20 tl , bir kavanoz tatlÄ±ya 20 tl vs. Yazan bu mekana kesinlikle gitmem ."
1100,1100:5,Ã‡Ã¼nkÃ¼ bu israftan baÅŸka bir ÅŸey deÄŸil benim nazarÄ±mda .
1100,1100:6,BÃ¶yle mekanlarÄ± biraz boÅŸ bÄ±rakmak lazÄ±m ki Fiyat skalasÄ±nÄ± biraz dÃ¼ÅŸÃ¼k aralÄ±ÄŸa taÅŸÄ±sÄ±nlar !
1101,1101:0,"Tatlilar - Tatlilari Ã§ok gÃ¼zel, tiramisu Ã¶zellikle yenilmeli ama ana Ã¶gÃ¼n kadar bÃ¼yÃ¼k geliyor dikkat!"
1101,1101:1,"Unsuz Ã§ikolatali pastasi biraz agir, diyet yapanlar bulasmasin!"
1102,1102:0,Yemeklerin tadi tuzu yok.
1102,1102:1,Ortam gÃ¼rÃ¼ltÃ¼den ibaret.
1102,1102:2,Garsonlar TV izlemekten size bakmiyor.
1102,1102:3,GeÃ§in allahaskina baska bir sÃ¼rÃ¼ yer var yenebilecek
1103,1103:0,GÃ¼zel - Konum olarak Ã§ok keyifli bir yer degil ancak Ã§alisirken Ã¶gle yemekleri iÃ§in bazen gidiyoruz.
1103,1103:1,"Yemeklerin lezzetine inanamayacaksiniz, pastirma ile yapilan Topkapi kebabi Ã§ok iyidir."
1104,1104:0,Koftenin hicbir ozelligi yok.
1104,1104:1,Hizmet yok guleryuz yok.
1104,1104:2,Manzaranin ekmegini yiyorlar.
1104,1104:3,Masalar dipdibe marketten dondurulmus kofte alin evinizde yiyebilirsiniz.
1104,1104:4,Inanin fark yok.
1105,1105:0,Siradan - Siradan kebaplari olan mekan...
1105,1105:1,Kebap iÃ§in kesinlikle gidilmeli denemez ama tatlilari inanilmaz gÃ¼zel.
1105,1105:2,Megerse meshur Ã‡avusoglu tatlinin sahiplerimis isletmecileri.
1106,1106:0,Hizmetten cok memnun kaldik.
1106,1106:1,Herkes cok ilgili ve guler yuzluydu.
1106,1106:2,Yogunluktan dolayi yer bulma konusunda biraz sikinti yasamis olsak da sansimiza en guzel yeri kaptik balkonda :
1106,1106:3,D Somon izgara ve etli quesadilla sipariz ettik.
1106,1106:4,"Somon izgaranin altinda olan kuskonmazli ispanakli sote mukemmeldi, yemek ise genel olarak guzeldi."
1106,1106:5,Etli quesadillanin ise ozellikle eti cok guzeldi.
1106,1106:6,Mutlaka bir daha gelicez :
1107,1107:0,SevdiÄŸim bir mekan.
1107,1107:1,"MÃ¼zikler, bahÃ§esi, menÃ¼sÃ¼ gÃ¼zel."
1107,1107:2,Ferah bir ortamÄ± var ve kalabalÄ±k buluÅŸmalar iÃ§in de uygun bir yer.
1107,1107:3,Ã‡alÄ±ÅŸanlarÄ± da gÃ¼ler yÃ¼zlÃ¼.
1107,1107:4,Girerken bÃ¶yle bir yerle karÅŸÄ±laÅŸacaÄŸÄ±nÄ±zÄ± tahmin etmiyorsunuz konumu nedeniyle.
1108,1108:0,SÃ¼tiÅŸ'in Emirgan ÅŸubesi gibi bu ÅŸubesinin manzarasÄ± da Ã§ok gÃ¼zel deniz hemen yanÄ±nÄ±zda kÃ¶prÃ¼ hemen saÄŸ Ã§aprazda :
1108,1108:1,) yemekler gÃ¼zel fiyatlar da mekana gÃ¶re gayet uygun.
1108,1108:2,TavukgÃ¶ÄŸsÃ¼ baÅŸarÄ±lÄ± :
1109,1109:0,Berbat biyer rezervasyon yaptirdigim halde misafirlerime rezil oldum rezalet biyer calisanlarin tavirlari olsun ilgileri herseyi rezalet otesi
1110,1110:0,KÃ¼Ã§Ã¼k Ev Express ile mekanist etkinligi ile tanistik.
1110,1110:1,Ã‡Ã¶mlekte ev yapimi yogurtlarini mutlaka deneyin.
1110,1110:2,Eski zamanlar biraktigimiz gerÃ§ek yogurdun tadini yakalayacaksiniz.
1110,1110:3,Fiyati da saka gibi.
1110,1110:4,3.75 TL.
1110,1110:5,MÃ¼kellef bir yemek sonrasi ortalama 15-25 TL'ye mekandan Ã§ikabilirsiniz.
1110,1110:6,"Dekorasyon zevkli olmus, Ã¶zellikle mekanin ortasina konuslanmis bonsai agaÃ§ beni benden aldi."
1110,1110:7,"Evet, bonsai hayraniyim!"
1110,1110:8,Ã‡ok iyi karsilandik ve sonuna kadar el Ã¼stÃ¼nde tutulduk.
1110,1110:9,Harikasiniz arkadaslar.
1110,1110:10,BÃ¶yle devam!
1110,1110:11,) Her seyden ufak ufak tattik.
1110,1110:12,Yemeklerde favorilerim dÃ¶ner ve kavurmali pide oldu.
1110,1110:13,Kavurmali pide iÃ§in tekrar ugrayacagim.
1110,1110:14,Tatlilarda tavuk gÃ¶gsÃ¼ gerÃ§ekten lezizdi.
1110,1110:15,"Irmik helvasinin da tavuk gÃ¶gsÃ¼nden eksigi yoktu, sekeri kivamindaydi ve hafifti."
1111,1111:0,"Buraya sÄ±k geliyorum, leventte Ã§alÄ±ÅŸanlarÄ±n da Ã§ok tercih ettiÄŸi bir yer."
1111,1111:1,Yemekleri eskiden daha gÃ¼zeldi Ã¶zellikle mantÄ±sÄ± Ã§ok baÅŸarÄ±lÄ±ydÄ±.
1111,1111:2,"Ancak her gÃ¼n Ã§eÅŸit Ã§eÅŸit ev yemeÄŸinin Ã§Ä±kÄ±yor olmasÄ± Ã§ok cazip, ister zeytinyaÄŸlÄ±lar ister sÄ±cak yemekler insanÄ± her gÃ¼n fast food yemekten alÄ±koyuyor."
1111,1111:3,"ZeytinyaÄŸlÄ± tabaÄŸÄ± baÅŸarÄ±lÄ±, salatalarÄ±nÄ±n da porsiyonu Ã§ok bÃ¼yÃ¼k tavsiye ederim."
1112,1112:0,denÄ±z kenarÄ± gÄ±bÄ±dÄ±r ancak arada bÄ±r arsalÄ±k mesafe vardÄ±r.
1112,1112:1,ve oradakÄ± koku olayÄ±na bÄ±r hal care bulamadÄ±klarÄ± Ä±cÄ±n yazÄ±k olan mekandÄ±r.
1112,1112:2,emÄ±rgandakÄ± sutÄ±sÄ± mumla aratmaktadÄ±r.
1113,1113:0,Taksim'de kendi tarzÄ±na gÃ¶re keyifle gidilecek mekanlardan biri.
1113,1113:1,GÃ¼ndÃ¼z ayrÄ± gece ayrÄ± olarak deÄŸerlendirebilirim.
1113,1113:2,Hizmet kalitesi daha Ã¶nce Avrupa'da gittiÄŸim ÅŸubelere gÃ¶re burada daha iyi diyebilirim.
1113,1113:3,Bu yÃ¼zden tip bÄ±rakmayÄ± unutmayÄ±n :
1113,1113:4,) Hamburgeri hoÅŸuma gidiyor ve NY steak de tavsiye edebilirim.
1113,1113:5,Ä°Ã§ecek olarak genelde bira sevdiÄŸim iÃ§in kokteylleri iÃ§in bir ÅŸey sÃ¶yleyemeyeceÄŸim.
1113,1113:6,Afiyetle!
1114,1114:0,Ben artÄ±k happy moons u beÄŸenmiyorum.
1114,1114:1,Servisi iyiydi Ã§alÄ±ÅŸanlarÄ± gÃ¼leryÃ¼zlÃ¼ fakat yemeklerinden eskiden aldÄ±ÄŸÄ±m tadÄ± almÄ±yorum.
1114,1114:2,"Ben bi tek Ã§ilekli limonatasÄ±nÄ± beÄŸendim, Ã§ok tavsiye etmem"
1115,1115:0,Ã–yle bir manzara ve konum iÃ§in olabilecek son mekan filizler olmalÄ±ydÄ±.
1115,1115:1,Zaman kaybÄ±!
1116,1116:0,Yemekleri fena degil.
1116,1116:1,Ozellikle zeytinyaglilari guzel.
1116,1116:2,Galata cevresinde zeytinyagli veya ev yemegivari yiyebilecegimiz nadir yerlerden oldugu icin tercih ediyorduk.
1116,1116:3,Ama dunyanin en yavas evlere servis hizmetini sunuyorlar.
1116,1116:4,Hele de ogle saatinde 50 ile 70 dakika beklemeye hazir olun.
1116,1116:5,Ogle saatleri degilse de 25-30 dk beklemeyi goze almak gerekiyor.
1116,1116:6,En son soyledigimiz firinda makarnasi da kuru geldikten sonra bir daha siparis vermemeye karar verdik.
1117,1117:0,"Manzarasi Ã§ok gÃ¼zel , dekorasyonda Ã§ok baÅŸarÄ±lÄ±ydÄ± , kahvaltÄ± iÃ§in gittik kahvaltÄ± gÃ¼zeldi ama omleti beÄŸenmedim Ã§ok tatsÄ±zdÄ±."
1117,1117:1,Geri kalan hersey tazeydi kayÄ±sÄ± ve cevizle sÃ¼slemeleri Ã§ok hoÅŸuma gitti kahvaltÄ±ya fresh bir hava katmÄ±ÅŸlar.
1117,1117:2,KahvaltÄ±sÄ± iÃ§in gidebilir ama garsonlar servis ederken gÃ¶rdÃ¼ÄŸÃ¼m kadarÄ±yla yemek porsiyonlarÄ± kÃ¼Ã§Ã¼ktÃ¼ ve sunum hoÅŸuma gitmedi .
1117,1117:3,KÄ±sacasÄ± manzarasÄ± iÃ§in gidilebilinir bir yer sadece .
1118,1118:0,"Ä°lk Evlilik yÄ±ldÃ¶nÃ¼mÃ¼ yemeÄŸimizi burada yemiÅŸtik, karÅŸÄ±lama gayet gÃ¼zel kibar Ã§alÄ±ÅŸanlar."
1118,1118:1,Sunumu beÄŸendik.
1118,1118:2,Sakin mutlu bir yemekti.
1118,1118:3,Tekrar gitmeyi dÃ¼ÅŸÃ¼nÃ¼rÃ¼m.
1119,1119:0,"Klasik rakÄ±-balÄ±k-fasÄ±l Ã¼Ã§lemesinden sÄ±kÄ±lan, ve mezelere odaklanmak isteyenler iÃ§in en iyi alternatif."
1119,1119:1,Manzara olarak en iyi seÃ§eneÄŸi sunmasa da lakerdasÄ± baÅŸta olmak Ã¼zere bÃ¼tÃ¼n mezeleri denemeye deÄŸer.
1119,1119:2,"FÄ±stÄ±klÄ± peynirli meze, buraya Ã¶zel bir lezzet."
1119,1119:3,KiÅŸi baÅŸÄ± 60 liraya rakÄ±nÄ±z ve mezelerinizle gÃ¼zel bir akÅŸam geÃ§irmeniz garanti.
1120,1120:0,"Konum itibariyle cok guzel yerde, manzarasi enfes."
1120,1120:1,"Limonatasi kocaman ve lezzetliydi, ""ayvalik tostu""nu yeniden yorumlayarak tamamen farkli bir hale getirmisler, fena degildi."
1120,1120:2,"Ancak mekanin en buyuk sÄ±kÄ±ntÄ±sÄ± hizmet kalitesi, cok cok yavaslar!"
1120,1120:3,"Ki bana gore bir mekanda olmasi gereken en onemli ozellik ""hizmet kalitesi"" En buyuk kurtaricisi lokasyon ve muhtesem bogaz manzarasi!"
1121,1121:0,Sinirsz kahvalti keyfi iÃ§in harika bir yer.
1121,1121:1,Manzarasi cok gÃ¼zel.
1121,1121:2,Garsonlar biraz daha gÃ¼ler yÃ¼xlÃ¼ olabilir.
1121,1121:3,40 tl kisi basi.
1121,1121:4,Zengin bir acik bÃ¼fe menÃ¼sÃ¼ var.
1121,1121:5,Keyifli bir yer.
1122,1122:0,Son zamanlarÄ±n benim iÃ§in en bÃ¼yÃ¼k hayal kÄ±rÄ±klÄ±ÄŸÄ±.
1122,1122:1,Bu kadar bÃ¼yÃ¼k merakla gelip de yediklerimden bu kadar az haz ettiÄŸim baÅŸka bir yer olmadÄ±.
1122,1122:2,"Garson arkadaÅŸlar, mekanÄ±n manzarasÄ±, hizmet ÅŸahane ama lezzet adÄ±na sÃ¶yleyebileceÄŸim Ã§ok ÅŸey yok."
1122,1122:3,KÃ¶prÃ¼ altÄ± yerleri gibi kalamar koydular Ã¶nÃ¼mÃ¼ze.
1122,1122:4,Bunu yazarken henÃ¼z hesap gelmemiÅŸti ve deÄŸerlendirmemi tamamen baÄŸÄ±msÄ±z ÅŸekilde yapÄ±yorum.
1122,1122:5,YeÅŸilkÃ¶y efsanesi burada sÃ¼rmemiÅŸ
1123,1123:0,"YÄ±llar Ã¶nce keyifli mekan sayÄ±sÄ± azken sÄ±klÄ±kla tercih ettiÄŸimiz, mekan sayÄ±sÄ± arttÄ±kÃ§a da geri plana ittiÄŸimiz mekanlardan."
1123,1123:1,BahÃ§esi insana huzur veriyordu...
1124,1124:0,"Manzara guzel servis rezalet , 3 kere soylemeden getirmiyorlar , iki kere degil 5 kere dusunun gelirken"
1125,1125:0,Bir yanÄ± benzinlik bir yanÄ± mezarlÄ±k manzaralÄ± ama Ã§okta tutan bir cafe.
1125,1125:1,E5 Ã¼stÃ¼nde olduÄŸu iÃ§in Ã§abuk direksiyon kÄ±rÄ±lÄ±p az vakitte Ã§ok oturmalÄ±k kolaylÄ±ÄŸÄ± iÃ§in tercih ettik.
1125,1125:2,BahÃ§esi keyifli yemekte Ã§ok kÃ¶tÃ¼ deÄŸildi.
1125,1125:3,ArkasÄ±ndan iÃ§tiÄŸimiz kahve iÃ§in Ã§ok beklesekte fazla beklentisiz bir cafe olduÄŸundan notu 3.5 olarak verdim
1126,1126:0,Acik kasarli pide.
1126,1126:1,"besiktas barbarosta bulunan sampi sabaha kadar acik,gece cani cekenler icin ideal ve paket servisi de var,kapali kasarlisi da cok lezzetli oluyor"
1127,1127:0,Pizzalarini fena bulmadim.
1127,1127:1,Acikcasi cok ayilip bayilani var ama ben daha kalin hamurlu pizzalari seviyorum.
1127,1127:2,Ama Pizzeria Trio' nun pizzalari da guzel.
1127,1127:3,Ben Trio Speciale yi tercih ettim.
1127,1127:4,Eti kotuydu net ama geri kalan urunleri fena sayilmazdi.
1127,1127:5,Ä°nanilmaz bir manzaraya sahip bu arada mekan.
1127,1127:6,"Pizza, sarap, manzara kombini icin gidilebilir."
1128,1128:0,Ã–zellikle bahÃ§esini tercih edin giderseniz.
1128,1128:1,aÃ§Ä±k alan gayet rahat.
1128,1128:2,gÃ¼rÃ¼ldÃ¼ de daha az.
1128,1128:3,"iÃ§ecekler gÃ¼zel, ama fastfood tarzÄ± atÄ±ÅŸtÄ±rmalÄ±k tercih edecekseniz pek tavsiye etmem."
1128,1128:4,Yemekler fena deÄŸil fakat porsiyonlar Ã§ok ufak.
1128,1128:5,rejim yapanlar dÃ¼ÅŸÃ¼nÃ¼lmÃ¼ÅŸ sanÄ±rÄ±m.
1128,1128:6,Fiyat biraz fazla gibi.
1129,1129:0,Burasi eskiden favori yerlerimdendi menÃ¼sÃ¼ degisti ve artik eski menudeki yemeklerin bile tadi ayni degil lezzet olarak cok kÃ¶tÃ¼.
1129,1129:1,Lezzet disinda degerlendirirsek hem dis alani bahcesiyle hemde ic alani rahat buyuk koltuklariyla cok keyifli bir mekan
1130,1130:0,Denize yakÄ±n yer bulursanÄ±z ÅŸanslÄ±sÄ±nÄ±z ...
1130,1130:1,TadÄ± bir baÅŸka aÅŸÅŸkÄ±n kuruÃ§eÅŸmenin en iyi mekanÄ± diyebiliriz arkadaÅŸlarla kahve iÃ§ip sohbet etmek burda bir baÅŸka
1131,1131:0,KadÄ±kÃ¶y'Ã¼n bira cennetlerinden biri.
1131,1131:1,Eski Ã§alÄ±ÅŸanlarÄ± daha iyi ve samimiydi diye dÃ¼ÅŸÃ¼nÃ¼yorum.
1131,1131:2,"Mevcut Ã§alÄ±ÅŸanlarÄ±nÄ±n marjinal gÃ¶rÃ¼nÃ¼mlerini yadÄ±rgamamakla birlikte , bu marjinal gÃ¶rÃ¼ntÃ¼ hafiften cool davranÄ±ÅŸlara kaÃ§Ä±yor, bu da hizmete olumsuz yansÄ±yor."
1131,1131:3,Daha gÃ¼lÃ¼mseyen bir Ã§alÄ±ÅŸan profili olmalÄ±.
1131,1131:4,"Hizmeti ortalama, yemekler ortalama."
1131,1131:5,Yine de bol Ã§eÅŸit bira denemek ve mÃ¼zik dinlemek iÃ§in gidilmeli.
1132,1132:0,Yemekler Ã§ok vasat.
1132,1132:1,her zaman Ã§ok yoÄŸun.
1132,1132:2,iÃ§erde mÃ¼zikten birbirini duyamÄ±yorsun.
1132,1132:3,servis elemanlarÄ± kaba.
1132,1132:4,sadece fiyatlar makul.
1132,1132:5,menÃ¼ kÄ±sÄ±tlÄ±
1133,1133:0,"Cizbiz koftesi , sutis moccachinosu , dtox corbasi ve haftasonu hahvalti zenginligiyle tavsiye edebilecegim bir Mekan manzarasi , ulasim rahatligi konforuyle denemenizi tavsiye Ederim"
1134,1134:0,Sosyal medyada Ã¼nlÃ¼ olduktan sonra kaliteyi dÃ¼ÅŸÃ¼rmÃ¼ÅŸ mekanlardan bir tanesi.
1134,1134:1,"ManzarasÄ± muhteÅŸem,servis orta ama yemekler Ã¼zgÃ¼nÃ¼m kÃ¶tÃ¼."
1134,1134:2,"ArkadaÅŸÄ±m aÅŸkÄ± memnu sÃ¶yledi,ben de cheescake sÃ¶yledim."
1134,1134:3,Ä°kisi de durmuÅŸ ve kÃ¶tÃ¼ kalite malzeme kullanÄ±lmÄ±ÅŸtÄ±.
1134,1134:4,En azÄ±ndan adlarÄ±yla Ã¶zdeÅŸleÅŸmiÅŸ tatlÄ±larÄ±na Ã¶zen gÃ¶stermelerini beklerdim.
1134,1134:5,Bu manzarada ne versek yerler mantÄ±ÄŸÄ±nda bir iÅŸletmenin KuruÃ§eÅŸme'de olmasÄ±na Ã§ok Ã¼zÃ¼ldÃ¼m.
1134,1134:6,"Ã–nermiyorum, eminim aynÄ± gÃ¼zellikte manzaraya sahip ama yemekleri mÃ¼ÅŸteriye saygÄ± gereÄŸi taze ve iyi malzemeyle yapÄ±lmÄ±ÅŸ bir yer bulabilirsiniz civarda."
1135,1135:0,anzarasi harika...
1135,1135:1,- Burasi haftada bir ugramaya Ã§alistigim ve manzarasina bayildigim bir mekan.
1135,1135:2,Ancak bir seyler yemek iÃ§in Ã§ok iyi denemez.
1135,1135:3,Pastalari 3. sinif pastane mamulleri gibi...
1135,1135:4,Ayrica genelde Ã§ok kalabalik olmasi nedeniyle yer kapmak iÃ§in bayagi bir ugrasmak gerekiyor.
1136,1136:0,Servis vasat.
1136,1136:1,"Ã‡atal, bÄ±Ã§ak pis ve cevizli baklavasÄ± ÅŸerbetinden insanÄ±n midesini bulandiriyor."
1136,1136:2,AyrÄ±ca baklava yanmÄ±ÅŸ gibi.
1136,1136:3,FÄ±stÄ±klÄ± tatlÄ±lar idare eder.
1136,1136:4,UÄŸramaya gerek yok Ã§ok daha iyi yerler var.
1137,1137:0,Karakoyde yer alan sirin bir cafe.
1137,1137:1,3 kisi icin idealdi.
1137,1137:2,SÄ±k sÄ±k gelip butun caylardan denemek lazim.
1137,1137:3,Fiyatlar yuksek ama verdiginiz paraya degiyo
1137,1137:4,Dekorasyonu cok hos.
1137,1137:5,Cok rahat koltuklari var.
1137,1137:6,Oturup saatlerce kaliteli cay esliginde muhabbet edebilirsiniz.
1137,1137:7,Arkadasim ozel demlikte cin cayi soyledi ben de ev yapimi seftalili buzlu cay.
1137,1137:8,Buzlu cay hayatimda ictigim en iyi buzlu caydi.
1137,1137:9,Seker orani yerindeydi ve cok ferahlatiyordu.
1137,1137:10,Cin cayi nin tadi da cok guzeldi.
1137,1137:11,Kavun aromasinin kivami yerindeydi ama ic ic bitmedi bir turlu.
1138,1138:0,Fiyat/Performans olarak gidilebilecek mekanlardan birisi Uzunlar Kebap.
1138,1138:1,Piyasada bulunan kebapÃ§Ä±lara gÃ¶re 1 tÄ±k daha iyidir.
1138,1138:2,"Haftasonu gezmeleri iÃ§in de gidilebilir, aÃ§ kaldÄ±ÄŸÄ±nÄ±zda yemeÄŸimi yiyip hemen kalkayÄ±m mantÄ±ÄŸÄ±nda da gidebilirsiniz."
1139,1139:0,"Berbat bir yer,insanlarin sefil oldugu,gÃ¶cmen burosuna sÄ±ra bekleyen biri gibi hissettim,rezalet..."
1139,1139:1,asla gitmeyin.
1139,1139:2,paranÄ±zla rezil olmak isterseniz buyrun derim.
1140,1140:0,Bir goz baslayan ekonomik hayatina neredeyse tum sokaga yerleserek devam eden bir isletme.
1140,1140:1,Menusundeki hemen hemen hersey oldukca lezzetli.
1140,1140:2,Ozellikle acik bufe sabah kahvaltisi evinizde yapiyormus gibi keyifli.
1140,1140:3,"Ogle yemeklerinde mutlaka erken orda olmak gerek, yoksa yiyeceknyemek bulmakta zorlanabilirsiniz."
1141,1141:0,"Standart bir kahvalti fakat ortam,servis,mekanin konumu Ã§itayi yÃ¼kseltiyor."
1141,1141:1,"Ã–zellikle servis elemani Sezgin bey 'in isini bu kadar iyi yapmasi ve herkesle esit ayni gÃ¼ler yÃ¼zle ilgilenmesi , masalar arasi slalom yaparken hiÃ§ bir istegi ikiletmemesi hepimizin sempatisini ve takdirini kazandi."
1141,1141:2,GÃ¶ksu'da gidilebilecek en hos cafelerden biri bence.
1142,1142:0,GeniÅŸ bahÃ§esi ve terasÄ± ile bu lokasyona yakÄ±n arkadaÅŸlarÄ±n yaz akÅŸamlaÄ±nda aÃ§Ä±k haavada nargile keyfi yapabilecekleri bir mekan.
1142,1142:1,Ã§Ä±kÄ±ÅŸta dÃ¼rÃ¼m tÄ±r da dÃ¼rÃ¼mlerinizi yiyebilirsiniz ?
1143,1143:0,Ulasim oldukca kolay.
1143,1143:1,Otoparki vale sistemiyle calisiyor.
1143,1143:2,Cevre duzenlemesi okadar guzel yapilmiski daha yemekleri tatmadan iyi geldim diyorsunuz.
1143,1143:3,"Etler , meze, salata ve patates kizartmasi da size kesinlikle aksini dusundurmuyor."
1143,1143:4,Hepsi ayri lezzetli.
1144,1144:0,Acildigindan beri ara sira gidiyordum.
1144,1144:1,Ickiyi yasakladiklari icin (kendi tabirleriyle %15 musteriden biri old.
1144,1144:2,icin) artik gitmiyorum.
1144,1144:3,Yasaklatanlara hayirli olsun!
1145,1145:0,Vasat - Istanbul'daki kebapÃ§ilarla kiyaslayacak olursak gerÃ§ekten vasat.
1145,1145:1,Ama benim derdim kebap degil yeni bir yer gÃ¶rmek diyorsaniz kesinlikle tavsiye edilir.
1145,1145:2,Ancak Ã§ok bÃ¼yÃ¼k beklentiyle gidilmemeli ki sonra Ã§ok Ã¼zÃ¼lmemeli:
1146,1146:0,Ozel gun yemeklerinizi yiyebileceginiz luks bir restorant.
1146,1146:1,Kulbasti ve ozellikle ev yapimi sufleyi tavsiye ediyorum.
1146,1146:2,Rezervasyon sirasinda ozel gununuzu soylediginiz takdirde sampanya ikramlari oluyor bu guzel bir jest
1147,1147:0,Yemek servisi ve lezzeti iyi bir restaurant.
1147,1147:1,Servis SÃ¼releri biraz uzun birde bulunduÄŸu mekana ve mekanÄ±n fiziksel kalitesine gÃ¶re fiyatlar pahalÄ±.
1147,1147:2,Daha mÃ¼tevazÄ± menu fiyatlarÄ± olsa daha sÄ±k ziyaret edilebilir
1148,1148:0,Ã‡ikolatalÄ± baklavasÄ±na bayÄ±lÄ±yorum kesinlikle en favori tatlÄ±m.
1148,1148:1,DiÄŸer bÃ¼tÃ¼n tatlÄ±larÄ±nÄ±n kalitesi ve lezzeti Ã¼st seviyede.
1148,1148:2,GÃ¼llÃ¼oÄŸlu bu konuda uzman.
1149,1149:0,Nusret etin prensi diyorsak bildiÄŸimiz var ki diyoruz.
1149,1149:1,ğŸ˜ Etleri muhteÅŸem lezzetliydi.
1149,1149:2,Evde de aynÄ±sÄ±nÄ± bir aÅŸÃ§Ä± adayÄ± olarak yapsam bile Nusret'inki farklÄ±.
1149,1149:3,Kaliteli yemek sevenler mutlaka gitsin denesin.
1150,1150:0,Jumbo combo ve kola istedim ama bÃ¶rek ve tavuk parÃ§alarÄ± dÄ±ÅŸÄ±ndaki tatlar bana gÃ¶re deÄŸildi.
1150,1150:1,SoslarÄ± sevmedim ve soÄŸan halkalarÄ±nÄ±n tadÄ± tatlÄ± geldi.
1150,1150:2,Nachos istemediÄŸime piÅŸman oldum.
1150,1150:3,Cumartesi olmasÄ±na raÄŸmen sakindi.
1150,1150:4,Telefonun ÅŸebekesi Ã§ekmediÄŸi iÃ§in wifi ye baÄŸlanmak istedim ama oturduÄŸum mÃ¼ddetÃ§e baÅŸarÄ±lÄ± olmadÄ±m.
1150,1150:5,Servis hÄ±zlÄ± ve Ã§alÄ±ÅŸanlarÄ± pozitifti.
1150,1150:6,GÃ¼zel bir cafe ama maalesef hard rock deÄŸil.
1151,1151:0,"aÃ§Ä±kÃ§asÄ± Ã§okta tavsiye edilecek bir yer deÄŸil bence , press ile yanyana olunca bir orayada bakayim dedim fakat oturmamla kalkmam bir oldu ."
1151,1151:1,Sadece TÃ¼rk kahvesi var ve bir sÃ¼rÃ¼ Ã§ay Ã§eÅŸidi tadlari belki gÃ¼zeldir ama hem pahali hem gereksiz bir yer bence
1152,1152:0,Birde burdaki yerini deniyeyim dedim geÃ§enlerde ama tam bir hayal kirikligi garsonlar asiri ilgisiz kebaplar diger subelerine gÃ¶re basarisiz cok sarimsakli ve rahatsiz edici manzara gibi bir olayi yok bridge 'in tam tersi tarafinda kaldigi icin evlere bakiyor bos bos gitmeye degecek bir yer degil lezzette kÃ¶tÃ¼ zaten ilk ve son gidisim olacak fakat servis iÃ§in gÃ¶ztepe subesi gerÃ§ekten gÃ¼zel salatalari bile paket sekilde gonderiyor .
1153,1153:0,"Dostlarinizla birlikte gÃ¼rÃ¼ltÃ¼den uzak, bir seyler iÃ§me dÃ¼sÃ¼ncesindeyseniz birbirinizin sesini rahatlikla duyabileceginiz mÃ¼kemmel bir yer Limonlu BahÃ§e."
1153,1153:1,BahÃ§esindeki kedilerinin birbirini kovalamasi ise mutluluktan midenizde kelebekler uÃ§urtuyor!
1153,1153:2,Tek sorun siparisin Ã§ok geÃ§ gelmesi ve yemeklerin performans-fiyat birlikteliginin tutarli olmamasi
1154,1154:0,"PopÃ¼lerliÄŸin etkisiyle kaliteyi dÃ¼ÅŸÃ¼ren, malzemeyi azaltan bir yer oldu."
1154,1154:1,Baklavada fÄ±stÄ±ÄŸÄ± ara ki bulasÄ±n.
1154,1154:2,"Paket alÄ±nan baklavalarÄ±n bayat olma ihtimali yÃ¼ksek, dikkatli olun."
1154,1154:3,Su bÃ¶reÄŸi de kÃ¶tÃ¼.
1154,1154:4,Zaten o kalabalÄ±kta oturmaya o gÃ¼rÃ¼ltÃ¼yÃ¼ Ã§ekmeye bile deÄŸmez.
1155,1155:0,Normal mekan normal tatlar.
1155,1155:1,Ã–vgÃ¼ Ã¼zerine gitmiÅŸtik ama fazla beklentiye girince bazen normal bulacaÄŸÄ±nÄ±z ÅŸeyi de bepenmeyebiliyorsunuz.
1155,1155:2,Bence istanbulda iyi denilen mekanlarda bile meze probleni var.
1155,1155:3,SÄ±radan lezzetler.
1155,1155:4,Burda da aynÄ± durum geÃ§erli iÅŸte
1156,1156:0,Her zaman keyifli - Her zaman keyifle gittigim mekanlardan biri olmustur.
1156,1156:1,BahÃ§esi Ã§ok gÃ¼zel.
1156,1156:2,Misafirlerini Ã§ok gÃ¼zel host ediyorlar.
1156,1156:3,Canyon Road ve Big Burger her zaman favorimdir.
1157,1157:0,Pardon biraz once yazmistim.
1157,1157:1,Tekrar yazayim dedim.
1157,1157:2,Biri lutfen arka masada oturan bayanlari ikaz etsin:
1157,1157:3,cok yuksek sesle gulup egleniyorlar.
1158,1158:0,Ugramadan geÃ§meyin - Konum olarak gÃ¼zel bir yere kurulan ve disaridan geÃ§erken gÃ¶rsel olarak iÃ§eri Ã§agiran ayrica iÃ§eri girildiginde de pisman etmeyen bir mekan.
1158,1158:1,"Burasi oldukÃ§a lezzetli yemekler yapiyor ve sunum, hijyen, herkes Ã§ok sicak kesinlikle gidilmeli."
1159,1159:0,"GÃ¼zel manzara, yetersiz menÃ¼ - Otagtepe'nin manzarasi Ã§ok gÃ¼zel ancak ne yazik ki bu manzaraya uyacak bir menÃ¼ zenginligi, yemek kalitesi yok."
1159,1159:1,Hizmet kalitesi de iyi degil.
1160,1160:0,Deniz mahsullÃ¼ pizzasÄ± gÃ¼zel deÄŸil.
1160,1160:1,"Riske girmeden hamburger, wrap, sandviÃ§ tarzÄ± bir ÅŸey sÃ¶ylemek en mantÄ±klÄ±sÄ±."
1160,1160:2,AyrÄ±ca rezervasyon alÄ±yorlar ki Numnum'sÄ±nÄ±z siz havanÄ±z kime diyesi geliyor insanÄ±n.
1161,1161:0,"Pek Ã§ok kiÅŸiden duyunca merak edip Ã¶ÄŸlene doÄŸru gittik mekana,denilenin aksine boÅŸtu ama sonrasÄ±nda epey doldu."
1161,1161:1,FÄ±rÄ±nda makarnasÄ±nÄ± denedim ama Ã§ok beÄŸendiÄŸimi sÃ¶yleyemeyeceÄŸim.
1161,1161:2,ZeytinyaÄŸlÄ±larÄ± deneyince tam fikrimi belireteceÄŸim.
1162,1162:0,"3 aydir haftasonlari ugrak noktamizdi, Kahvehane gibi maÃ§ Ã¼creti 10 tl diye yazdilar yaa o gun bizim gozumuzde bitti."
1162,1162:1,Gidicekler simdiden dikkatli olsun.
1163,1163:0,"Mudavimi oldugum diger mekanim, ascisi super yemekler cikariyor isletmecisini cok seviyoruz , balli tavuk salata , yesil mercimek corbasi, kestanesi suflesi ve birbirinden saglikli fresh meyve sulari deneyin derim ,bogazin gobeginde yemeginizi yemenin keyfine varin"
1164,1164:0,FethipaÅŸa korusunun iÃ§inde bulunan manzarasÄ±na gÃ¶re uygun fiyata sahip salaÅŸ ÅŸÄ±k aileye uygun bir mekan.
1164,1164:1,Ã¶zellikle yaz akÅŸamlarÄ± terasÄ±nda semaver Ã§ayÄ±nÄ± denemelisiniz
1165,1165:0,yaz aylarÄ± iÃ§in bahÃ§esi beÅŸiktaÅŸ'taki en ferah yer olabilir.
1165,1165:1,"yemekleri lezzetli, servis hÄ±zlÄ± ve Ã§alÄ±ÅŸanlar gÃ¼ler yÃ¼zlÃ¼."
1165,1165:2,iÃ§ dekorasyonu da gayet hoÅŸ.
1165,1165:3,mÃ¼zikler de ortam ile uyumlu.
1166,1166:0,Malesef ki sadece pazar gÃ¼nÃ¼ brunch veren bir yer.
1166,1166:1,KahvaltÄ±sÄ±nÄ± denemediyseniz denemelisiniz Ã§ok fazla Ã§eÅŸit var hatta hangisini yesek diye ÅŸaÅŸÄ±rÄ±yorsunuz.
1166,1166:2,Saatlerce pazar keyfi yapabilceÄŸimiz bir yer.
1166,1166:3,ManzarasÄ±na zaten diyecek tek bir kelime yok.
1166,1166:4,BÃ¶yle bir yerin tabi ki fiyatlarÄ± PahalÄ±.
1166,1166:5,"Garsonlar ilgili, yemekler gÃ¼zel"
1167,1167:0,TuzlanÄ±n meÅŸhur balÄ±kÃ§Ä±sÄ±.
1167,1167:1,Eskiye nazaran kalitesi oldukÃ§a dÃ¼ÅŸÃ¼k.
1167,1167:2,Eskiden mekan daha ufak sÄ±nÄ±rlÄ± sayÄ±da mÃ¼ÅŸteriye hizmet eden ama kalitesini bozmayan bir yerdi.
1167,1167:3,Maalesef son 1 senede kalitesinde ve serviste epey sÄ±kÄ±ntÄ±lÄ±.
1168,1168:0,Tatlilari da denenmeli bence.
1168,1168:1,Manzarasi da ayrica gÃ¼zeldir.
1169,1169:0,Plaza insanÄ± iÃ§in Ã¶ÄŸle yemeklerinde bir alternatif kanÄ±mca.
1169,1169:1,DeÄŸiÅŸiklik aradÄ±ÄŸÄ±mÄ±zda gidip pek de deÄŸilik bir ÅŸey yeniyoruz aslÄ±nda.
1169,1169:2,Ev yemeklerini hakettiÄŸinden pahalÄ±ya sattÄ±klarÄ±nÄ± dÃ¼ÅŸÃ¼nÃ¼yorum.
1170,1170:0,GÃ¶ksunun kenarÄ±nda Ã§ok ÅŸirin bir yer.
1170,1170:1,Yemekleri de gayet lezzetliydi.
1170,1170:2,GÃ¶rselliÄŸe pek Ã¶nem vermedikleri aÅŸikar yine de.
1170,1170:3,Ama hizmet konusunda on puan veriyorum
1171,1171:0,Uzun zamandan sonra yediÄŸim en gÃ¼zel kofte idi.
1171,1171:1,hamburgerde Ã§ok gÃ¼zeldi.
1171,1171:2,roka salatasÄ± GÃ¼veÃ§te mantarda baÅŸarÄ±lÄ± idi.
1171,1171:3,biz kahvaltÄ±sÄ±nda denemek Ã¼zere tekrar geliriz
1172,1172:0,Ä°stanbul'da daha fazla olmasÄ± istenen mekanlardan.
1172,1172:1,DizaynÄ± gÃ¼zel.
1172,1172:2,KalabalÄ±k olduÄŸunda bile Ã§evrenizdeki masalarla iÃ§ iÃ§e hissettirmeyecek kadar ferah.
1172,1172:3,Ã–zellikle BoÄŸaziÃ§i Ãœniversitesi Ã¶ÄŸrencilerinin sÄ±kÃ§a uÄŸramasÄ± gereken bir mekan.
1172,1172:4,Yemek menÃ¼sÃ¼ geliÅŸtirilebilir.
1172,1172:5,Fiyatlar gayet uygun.
1173,1173:0,Quattro Stagioni ve Orto'yu denedik ancak beklentilerimizin altÄ±nda kaldÄ±.
1173,1173:1,PizzalarÄ±ndan ziyade tiramusu Ã§ok daha baÅŸarÄ±lÄ±.
1173,1173:2,Bir de dÃ¼kkanÄ±n minyatÃ¼r haldeki maketi Ã§ok tatlÄ±.
1174,1174:0,Cok fazla kisiye servis yapildigi icin cok basarili bulmuyorum mezeler dunden kalma gibi etler cok guzel degil yanliz adana kebabi fena degil ama daha iyileri oldugu icin baska yerde denemede fayda var
1175,1175:0,Orta...
1175,1175:1,- Ambiansi hos.
1175,1175:2,"Yemekleri basarili bulmuyorum, burgerler lezzetsiz, fajita iÃ§in kullandiklari et uygun degil."
1175,1175:3,Genelde Ã§ok kalabalik oldugu iÃ§in de servis kosturmaca iÃ§inde yapiliyor.
1176,1176:0,KadÄ±kÃ¶y'de yemek yenecek en iyi yerlerden birisi Happy Moon's.
1176,1176:1,GÃ¼nÃ¼n her saatinde gelinebilir.
1176,1176:2,Servis hÄ±zlÄ± sayÄ±lÄ±r mekan dekorasyonu gerÃ§ekten gÃ¼zel.
1177,1177:0,Manzara muhtesem ama servis icin ayni seyi soyleyemeyecegim.
1177,1177:1,Peynirli omlet ve menemen lezzetliydi ama patates kizartmasi fazla yag cekmisti.
1177,1177:2,Gelen kahveler de maalesef sogumustu.
1178,1178:0,Abartildigini dÃ¼sÃ¼nÃ¼yorum.
1178,1178:1,Getirilen patates kizartmasi iÃ§in kullanilan yag kaÃ§inci kere kullanilmissa Ã¼zerinde siyahlasmis yag kalintilari vardi ve patatesler birakin Ã§itir olmayi hamur gibiydi.
1178,1178:2,Domates/salatalik sÃ¶gÃ¼s beklemekten pÃ¶rsÃ¼mÃ¼stÃ¼.
1178,1178:3,Etrafta kaotik bir hareketlilik yasanmasi yediginizden keyif almanizi zorlastiriyor.
1178,1178:4,Ãœzerine ortalama bir dÃ¶ner olunca ben tekrar gidecegimi sanmam.
1179,1179:0,BayÄ±ldÄ±ÄŸÄ±m bir yer mekan Ã§ok hoÅŸ her mezeyi tatmak gerekli evet keÅŸke fiyatlar daha insani boyutta olsa muhteÅŸem olurdu ama ne yapayÄ±m o kadar keyif alÄ±yorum ki verdiÄŸimiz para can acÄ±tmÄ±yor sadece daha seyrek gitmemize sebep oluyor ortam yemekler ve mÃ¼zik herÅŸey harika
1180,1180:0,nadir gÃ¼llÃ¼oglunun yeri gÃ¼zel bakimli ve taze lezzet sunuyor sadece bana Ã§ok sekerli geliyor damak tadimdan kaynaklanabilir hepsini genelde denedim fistikli baklava gÃ¼zel
1181,1181:0,Ã‡engelkÃ¶y'Ã¼n salaÅŸ Ã‡Ä±naraltÄ± kahvaltÄ±sÄ± dÄ±ÅŸÄ±nda muhteÅŸem bir alternatif.
1181,1181:1,MekanÄ±n iÃ§ine cidden emek harcandÄ±ÄŸÄ± her halinden belli.
1181,1181:2,"Ne kadar yoÄŸun olursa olsun, servis hÄ±zlÄ± yenilen her ÅŸey Ã§ok lezzetli."
1181,1181:3,PastÄ±rmalÄ± yumurta konusunda hala gÃ¶nlÃ¼mÃ¼n tek sultanÄ±dÄ±r SÃ¼tiÅŸ.
1182,1182:0,Hasan KolcuoÄŸlu Ã§ok pahalÄ± diyemem ama hesap yÃ¼ksek sayÄ±lÄ±r; ayrÄ±ca sÃ¶zde aÃ§Ä±k ama aslÄ±nda kapalÄ± alanÄ±nda sigara iÃ§iliyor.
1182,1182:1,"Mezeler Ã§ok Ã§eÅŸitli ve lezzetli, metrelik kebabÄ± da gÃ¼zel, o da gayet lezzetli fakat mecburen fix menÃ¼ alÄ±nÄ±yor."
1182,1182:2,"Para Ã¶deyip istediÄŸini yiyememek biraz gereksiz israfa sebep oluyor, bence deÄŸiÅŸmeli"
1183,1183:0,mantÄ±sÄ± ficcini zeytinyaÄŸlÄ± mezgiti ile cok guzel yer.
1183,1183:1,ama meyhane kismina bir kere oturdugumuzda arkadaslarimizi bekliyorduk zorla 10 tane meze getirdiler eger meze istemiyorsak oturamayacagimizi soylediler.
1183,1183:2,terbiyesiz birkac garsonu dÄ±ÅŸÄ±nda guzel bir yerdi
1184,1184:0,Anadolu Yakasi'nda kebap yenebilecek en iyi ve en nezih yerlerden birisi.
1184,1184:1,Yemekleri ve ozellikle ara sicaklari cok lezzetli.
1184,1184:2,Servis cok hizli.
1184,1184:3,Calisanlar guleryuzlu.
1185,1185:0,Cerkez yemekleri sevenler icin guzel bir tercih .
1185,1185:1,"Ozellikle mantisini cok begenmistim, mezeleri vs lezzetliydi ."
1185,1185:2,"Sadece son gittigimde calisanlarin muamelesinden hic hosnut kalmadim, bu konuda daha dikkatli olmalilar."
1186,1186:0,Mekan dekorasyonu Ã§ok baÅŸarÄ±lÄ±.
1186,1186:1,Mezeler oldukÃ§a gÃ¼zel ve Ã§eÅŸitli.
1186,1186:2,Ancak balÄ±klara gelince bir durdum.
1186,1186:3,BildiÄŸin Ã§iftlik balÄ±ÄŸÄ± geldi.
1186,1186:4,Daha lezzetli bir ana yemek bekliyordum aÃ§Ä±kÃ§asÄ±.
1186,1186:5,Fiyatlar ortalama meyhane fiyatlarÄ±nÄ±n Ã¼zerinde.
1187,1187:0,"Etler gÃ¼zel, eti az ama Ã¶z piÅŸiren nadir yerlerden:"
1188,1188:0,Penne siciliano yedim yerken guzeldi ama sonra yagindan butun gun midem yandi.
1188,1188:1,Arkadasim begendili tavuk yedi o da ayni seyi yasadi.
1188,1188:2,"Servis, ilgi mukemmel yemekler midede rahatsizlik yaratabiliyor."
1189,1189:0,YediÄŸim en iyi sahanda yumurta.
1189,1189:1,YumurtanÄ±n neyi gÃ¼zel demeyin.
1189,1189:2,Ortam mÄ± yumurta mÄ± tereyaÄŸÄ± mÄ± bilmiyorum.
1189,1189:3,"KavurmalÄ± efsane, saÃ§ma demeyin yanÄ±nda bakÄ±r kapta ayranÄ± da iÃ§in."
1190,1190:0,"Yemekleri standart , mudur tarzinda kapida bekleyen kisi soguk ve ters birisi..."
1190,1190:1,Bize bakan garson yuksek ses ile siparis almasi ayri bir entresan...
1190,1190:2,Ayni tarz mekanlarda insan iliskileri fark yaratir.
1191,1191:0,eskiden daha iyiydi.
1191,1191:1,simdi fabrikasyon .
1191,1191:2,servis .
1191,1191:3,ok yavas.
1191,1191:4,fiyatlar asiri uÃ§mus.
1191,1191:5,artik lezzete degil popÃ¼lerligine gidiliyor.
1191,1191:6,nusretin yerinde olsam buna Ã¼zÃ¼lÃ¼rdÃ¼m.
1192,1192:0,"Konum olaral harika , lezzet olarak iyi ancak gerÃ§ekten servis her gidiÅŸimde aynÄ± kÃ¶tÃ¼lÃ¼kte hiÃ§ Ã¶dÃ¼n vermiyorlar bu konuda."
1192,1192:1,Birinin bu sorunu Ã§Ã¶zmesi gerekir
1193,1193:0,"SÄ±cak, samimi ve iÃ§ten kÃ¼tÃ¼k ev cafe ..."
1193,1193:1,Serpme kahvaltÄ±larÄ±n vazgeÃ§ilmezi oldu bizim iÃ§in haftasonu buraya gelip keyifli vakit geÃ§irebilirsiniz.
1194,1194:0,"Paket olarak dÃ¶nerlerini aldÄ±m, Ã¶zenle paketlenmiÅŸti, uzun bir yolculuk yapmÄ±ÅŸ olmama raÄŸmen aÃ§tÄ±ÄŸÄ±mda hala sÄ±caklÄ±ÄŸÄ±nÄ± koruyordu."
1194,1194:1,Malzemeden kÄ±sÄ±lmamasÄ± ve etinin lezzeti beni Ã§ok memnun etti.
1195,1195:0,"Bir gun once ayni saatte oglen menusu getiren garson, bir gun sonra kustahca ""dun insiyatif alip getirdim ama bundan sonra vermem olur biter"" diyerek getirmedi."
1195,1195:1,"Kesinlikle gitmeyin, muamele cok kotu."
1196,1196:0,Iftardan sonra Ã§ay veya kahve keyfi yapmak iÃ§in ideal bir yer.
1196,1196:1,"Hem bogazin huzuruyla kendinizi dinlendirebilir, arkadaslarla koyu bir sohbetle uzun saatlerce oturabilir ve canli mÃ¼zik esliginde keyfinize keyif katabilirsiniz."
1197,1197:0,Fiyatlari gercekten pahali fakat kaliteli ve hos bir mekan ariyorsaniz kesinlikle tercih edilebilir.
1197,1197:1,Ozellikle begendilerine kattiklari damla sakizi o kadar hos bir aroma veriyor ki anlatamam.
1197,1197:2,Baslangiclarinin bir cogunu denedik hepside enfes.
1197,1197:3,Tatli olarak sufleyi tercih ettik ve ona da bayildik.
1197,1197:4,Mukemmel.
1197,1197:5,Tek eksik olarak etin orta pisimisini istememize ragmen cok pismis bir et ile karsilastik.
1198,1198:0,YÄ±llardÄ±r dizaynini aynen koruyan uskudardaki muhteÅŸem yemekleri olan esnaf lokantasi.
1198,1198:1,Esnaf lokantasi na gÃ¶re fiyatlarÄ± pahali ve kredi kartÄ± geÃ§miyor.
1198,1198:2,Ancak yemekleri gerÃ§ekten Ã§ok lezzetli.
1198,1198:3,tatlilardan da irmik helvasÄ± ve fÄ±rÄ±nda sutlaci Ã¶neririm.
1199,1199:0,YÄ±llardÄ±r Ä°stanbul'daki favori pizzacÄ±m.
1199,1199:1,Ben gittiÄŸimde bir pizzayÄ± hiÃ§ bir zaman kendim bitiremiyorum.
1199,1199:2,Mesela 3 kiÅŸiysek genelde 2 pizza sÃ¶ylÃ¼yoruz.
1199,1199:3,Birden Ã§ok pizza denemek adÄ±na pizzanÄ±n iki yarÄ±sÄ±nÄ± farklÄ± yaptÄ±rÄ±n derim.
1200,1200:0,Servis porsiyonlar Ã§ok Ã§ok kÃ¶tÃ¼.
1200,1200:1,Nerde Bebek ÅŸubesi nerde burasÄ± tek gÃ¼zel yanÄ± caddenin bir arka sokaÄŸÄ±nda yeÅŸilliklerin iÃ§inde bahÃ§esinin olmasÄ±
1201,1201:0,Turk kahvesÄ±nÄ±n Ä±cÄ±nden kocaman bÃ¶cek Ã§Ä±ktÄ±.
1201,1201:1,KahveyÄ± bÄ±tÄ±rdÄ±ÄŸÄ±nÄ±zde dÄ±bÄ±ndekÄ± bocekle karsilasiyorsunuz!
1201,1201:2,Yemekleri hesap edin artÄ±k!
1201,1201:3,Bir daha asla!
1202,1202:0,Nedendir bilmiyorum ama burayÄ± Ã§ok seviyorum.
1202,1202:1,Lynchburgleri Ã§ok gÃ¼zel.
1202,1202:2,Cin li kokteylleri de denemeye deÄŸer ama arkadaÅŸ bi jager mojito yapamÄ±yorsunuz.
1202,1202:3,"Otur , 0 !"
1203,1203:0,"AlkollÃ¼ iÃ§ki almadiginiz bir restda adam basi 80/90 tl hesap cookk fazla ,Ã¼stelik gayet az yedik ."
1203,1203:1,"Lezzet iyi ama fiyatla orantili degil ,Porsiyonlar az,personel iyi ."
1204,1204:0,Manzara gÃ¼zel.
1204,1204:1,Kurucesmede olmasÄ±na raÄŸmen pek bir derme catma mekan.
1204,1204:2,SÄ±kÄ±ÅŸ SÄ±kÄ±ÅŸ yerlestirilmis masalardan dolayi ortam Ã§ok ugultulu maalesef.
1204,1204:3,Ã‡ok daha keyifli bir yer olabilirdi.
1204,1204:4,O gÃ¼rÃ¼ltÃ¼ ortamdan sonra tekrar gidecegimi sanmÄ±yorum.
1204,1204:5,"Ä°thal peynir tabaÄŸÄ±ndaki peynirler Ã§ok yetersiz, Ã§oÄŸu ithal bile deÄŸil."
1204,1204:6,BÃ¶ylesi bir mekan iÃ§in fiyat ortalamanÄ±n Ã¼stÃ¼nde kalmÄ±ÅŸ.
1205,1205:0,AÃ§Ä±k ortamda yemek isteyenler iÃ§in gÃ¼zel bir ortam.
1205,1205:1,BahÃ§esinde sakince yemeÄŸinizi yiyebilirsiniz.
1205,1205:2,Kuzu sisleri ve lahmacunlari guzeldi...
1205,1205:3,Serviste aksamalar var.
1205,1205:4,garsonlar sÃ¼rekli bir ÅŸey dÃ¼ÅŸÃ¼rÃ¼yor...
1206,1206:0,Kahvaltisi bol cesitli doyurucu hatta genelde biteremiyosunuz fiyati biraz daha uygun olabilirdi calisanlar guler yuzlu ama bulundugu alan ve masalar daha genis olsa daha rahat oturup keyifle kahvaltimizi edebiliriz
1207,1207:0,"Merkezi konumu ve geniÅŸ menÃ¼sÃ¼ nedeniyle KadÄ±kÃ¶y'de Ã§ok tercih edilen, Ã§oÄŸu zaman dÄ±ÅŸarÄ±da yer bile bulamayacaÄŸÄ±nÄ±z mekan."
1207,1207:1,Eskiden Midpoint-House Cafe gibi mekanlarÄ±n sunduÄŸu menÃ¼leri daha uygun fiyata sunduÄŸundan tercih ediyorduk.
1207,1207:2,Fakat son iki gidiÅŸimde Ã§ok pahalanmÄ±ÅŸ buldum.
1207,1207:3,"Yemeklerde bugÃ¼ne dek bir sÄ±kÄ±ntÄ±ya rastlamadÄ±m, ama Ã§ok lezzetli yapÄ±yorlar diyebileceÄŸim bir tek cajun tavuk var."
1207,1207:4,Åimdilerde gÃ¶zÃ¼mde ancak ortalama bir mekan yani.
1208,1208:0,Tuzla balÄ±kÃ§Ä±sÄ±nÄ±n kÃ¶klÃ¼ mÃ¼ÅŸterisiyimdir.
1208,1208:1,Ä°lk aÃ§Ä±ldÄ±ÄŸÄ± gÃ¼nden bu gÃ¼nÃ¼ne gelir giderim.
1208,1208:2,FiyatlarÄ± gayet uygun olan yer bulmanÄ±n bir o kadar zor olduÄŸu ÅŸirin bir dÃ¼kkandan buralara kadar kÄ±sa bir sÃ¼rede gelmiÅŸ bir mekanÄ±mÄ±zdÄ±r.
1208,1208:3,Ama maalesef eski lezzet mi?
1208,1208:4,Yok.
1208,1208:5,Mekan ne kadar Ã§ok bÃ¼yÃ¼dÃ¼yse kalite o kadar dÃ¼ÅŸtÃ¼.
1208,1208:6,Ah be Sezgin Abi eski lezzetine hasretiz
1209,1209:0,beÅŸiktaÅŸa otobÃ¼sle zincirlikuyudan geldiÄŸinizde gÃ¶zÃ¼nÃ¼ze direk Ã§arpan bir mekan.
1209,1209:1,pideleri iyi hizmetide bence Ã¼st kat terasÄ± Ã§ok daha iyi bÃ¼tÃ¼k kalabalÄ±k gÃ¶zÃ¼nÃ¼zÃ¼n Ã¶nÃ¼nden akÄ±yor resmen hemen yanÄ±ndaki aÄŸaÃ§ ilede farklÄ± bir hava katÄ±yor
1210,1210:0,Bahariyede gezerken yemek yemek icin buraya gelebilirsiniz mekan guzel sik menu de cesitli gayet.
1210,1210:1,Fiyatlar da cok pahali degil ortalama duruyordu
1211,1211:0,Cookshop diyince aklima ilk gelen Magnolia oluyor.
1211,1211:1,Buraya gelipte bu tatliyi denemeden gitmeyin.
1211,1211:2,"Makarnalardan patlicanli,zeytinli penne guzel."
1211,1211:3,Arkadasim lasagne yedi ama pek begenmedi.
1211,1211:4,Servisin gelistirilmesi gerek siparis almaya gec geliyorlar.
1212,1212:0,Sadece adi num num - Hem Gmall hem Kanyon denedim ama olmadi.
1212,1212:1,"Yemekler basarisiz, menÃ¼ zengin, servis de basarili ama ilk aÃ§ildigindaki lezzet kalitesini bozdu."
1213,1213:0,Kurufasulye ve SÃ¼tlaÃ§ - SÃ¼rekli gittigim yerlerden biri.
1213,1213:1,"Kendileri Rize'den, fasulyeleri Ispir'den..."
1213,1213:2,"Tereyagini da manzarayla karistirinca, yeme de yaninda yat..."
1213,1213:3,Bir de Ã¼zerine bolca findik dÃ¶kÃ¼lmÃ¼s firin sÃ¼tlaci yedin mi daha ne olsun.
1214,1214:0,Ideal...
1214,1214:1,- Tuzla sahilinde kafede oturup bir seyler iÃ§mek iÃ§in ideal bir yer.
1214,1214:2,KÃ¼nefesi dÃ¼sÃ¼ndÃ¼gÃ¼mden gÃ¼zelmis.
1214,1214:3,Bir Hatay kÃ¼nefesiyle kiyaslamasam tabi ki ama lezzetliydi.
1214,1214:4,"Ã‡ayi, sahlepi, kÃ¼nefesi ve dondurmasi Ã¶nerilebilir."
1214,1214:5,Limonatasi ev yapimi deniyor hatta iÃ§inde nane yapragi vs. dÃ¼z limonata gelince sorduk nane yapragini su anda yok dediler.
1214,1214:6,Biz sormadan getirdigimizde bilgilendirmesi lazimdi.
1214,1214:7,Tabi bunlar ufak tefek seyler.
1214,1214:8,Yine de Tuzla'da ugrak olunabilecek bir mekan.
1215,1215:0,"Mis gibi Uskudar ;) - Dilruba'ya Ã§ikis yolu zorlu, yorucu olsa da nargilesi iÃ§in gidilmeye deger."
1215,1215:1,Hele kebaplari enfes.
1215,1215:2,Sabahlari ise 100 Ã§esit kahvaltisiyla essiz manzara birlesince insani rahatlatmaya yetiyor.
1215,1215:3,"GÃ¶rÃ¼lmesi gereken, kaliteli bir yer;)"
1216,1216:0,DÃ¼n ailece essiz lezzetleri tatdigimiz Mabeyn deydik.
1216,1216:1,Tatlilar muhtesemdi.
1216,1216:2,Hesap gelene kadar tadimizda Ã§ok iyiydi.
1216,1216:3,342 TL Ã§ok fazla.
1216,1216:4,IÃ§ki servisi kaldirilmis olmasi garibime gitti aÃ§ikcasi.
1217,1217:0,Degisik pide tÃ¼rleri caniniz Ã§ekiyorsa denenebilir.
1217,1217:1,Kusbasli kasarli pidesini denedik.
1217,1217:2,eh iste.
1217,1217:3,ama Ã§ok pide yemeyenler iÃ§in gÃ¼zel diyebilirim.
1217,1217:4,Ã§orbasi soguk geldi.
1217,1217:5,Tadi pek yoktu.
1217,1217:6,suflesi normal.
1217,1217:7,Besiktas ta merkezi yerde.
1218,1218:0,Herkesin sÃ¼rekli ovdugu...
1218,1218:1,Fakat yemekleri baya standart hatta bazÄ±larÄ± bi hayli kotu...
1218,1218:2,Tavsiye edebileceÄŸim tek ÅŸeyi dondurmasÄ± olur sanÄ±rÄ±m.
1219,1219:0,GeniÅŸ Ã§ay menÃ¼sÃ¼ ve bence alelade demlenen Ã§aylar.
1219,1219:1,Kaliteli olabilirler ama ne gramÄ±na ne demleme sÃ¼resine ne de sÄ±caklÄ±ÄŸa dikkat edildiÄŸini sanmÄ±yorum.
1219,1219:2,Bir paket Ã§ay alabildiÄŸim Ã¼crete daha iyi bir ÅŸey beklerdim.
1219,1219:3,TatlÄ±larÄ± iÃ§in gelinebilir.
1220,1220:0,"Miss Pizza ""Ã§ok iyi"" olmasa da Ä°stanbul'da en iyiler arasÄ±nda sayÄ±labilir."
1220,1220:1,"DÄ±ÅŸarÄ±da yer vermiyorlar, iÃ§erisi boÅŸken yerimiz yok diyorlar, Ã–ÄŸlen 12'den biraz Ã¶nce gidince daha aÃ§Ä±lmadÄ±k diyorlar vb..."
1220,1220:2,YemeÄŸi fena olmasa servisi nedeniyle hayatta uÄŸramayacaÄŸÄ±m yer.
1220,1220:3,Ä°yi bir kaliteye bÃ¶yle bir hizmet hiÃ§ yakÄ±ÅŸmÄ±yor.
1220,1220:4,KullanÄ±lan malzemeler Ã§ok iyi deÄŸil ancak ortalamanÄ±n Ã¼stÃ¼ ve hamuru gayet iyi yapÄ±yorlar.
1220,1220:5,PizzalarÄ± gayet doyurucu ve Ã§eÅŸitli.
1220,1220:6,DeÄŸiÅŸik tatlarÄ± tatmak isteyenler iÃ§in iyi bir alternatif.
1220,1220:7,Ã–zellikle kabaklÄ± pizzasÄ± gayet baÅŸarÄ±lÄ±.
1220,1220:8,Servis konusunda ise ciddi sÄ±kÄ±ntÄ±larÄ± olduÄŸunu dÃ¼ÅŸÃ¼ndÃ¼ÄŸÃ¼m bir yer.
1220,1220:9,Her seferinde mutlaka bir problemle karÅŸÄ±laÅŸÄ±yoruz.
1220,1220:10,Ã‡alÄ±ÅŸanlar gerÃ§ekten burnundan kÄ±l aldÄ±rmÄ±yor.
1220,1220:11,Ã‡ok defa geri dÃ¶nmÃ¼ÅŸlÃ¼ÄŸÃ¼m de vardÄ±r.
1221,1221:0,Manzara konum Ã§ok Ã§ok gÃ¼zel.
1221,1221:1,BoÄŸazda balÄ±k iÃ§in Ä°stanbul'daki belli baÅŸlÄ± yerlerden olmasÄ±na raÄŸmen bÃ¶yle bir manzara iÃ§in lezzet biraz daha arttiralabilinir diye dÃ¼ÅŸÃ¼nÃ¼yorum.
1221,1221:2,"Fiyatlar yÃ¼ksek ama gerÃ§ek boÄŸazda balÄ±ÄŸÄ±n bedeli var, ambians ve konum dolayÄ±sÄ± ile fiyatlara laf sÃ¶ylemek doÄŸru deÄŸil."
1221,1221:3,BoÄŸazda balÄ±klÄ± romantik akÅŸam yemeÄŸi iÃ§in ...
1222,1222:0,Happy moon's burger ve normal burger denedik.
1222,1222:1,Once kirk saat istegimiz soslari bekledik cunku tum soslar baskalari tarafindan kullaniliyordu.
1222,1222:2,Sorum su ki alti ustu bir mayonez ne kadar bulunmasi zor olabilir ya da maliyeti nedir ki bu kadar az alinir?
1222,1222:3,Yemege gelince ise tatsiz tutsuz bir yemekti begenmedik.
1222,1222:4,Yemek bitince hadi kalkin tavirlarina girildi.
1222,1222:5,Baska bir sey almiyor musunuz?
1222,1222:6,Ne zaman kalkiyorsunuz?
1222,1222:7,Ozetle uzatmadan musteriye yoluncak kaz gozuyle bakilmaktadir.
1223,1223:0,Bendemi var bir hoÅŸnutsuzluk anlamadÄ±m.
1223,1223:1,"Bereketli bir mekan hafta iÃ§i,cumartesi kuyruk kapÄ±da."
1223,1223:2,Lakin bir kez soÄŸuk gelen Ã§orbayÄ± garsona sÃ¶ylediÄŸimde hiÃ§ oralÄ± olmadÄ±.
1223,1223:3,anlaÅŸÄ±lan mÃ¼essesede bir doymuÅŸluk var.
1223,1223:4,FÄ±sÄ±ltÄ±lara gÃ¶re Avrupa yakasÄ±ndada yer arayÄ±ÅŸlarÄ± varmÄ±ÅŸ.
1223,1223:5,Bence orada en leziz olan lavaÅŸ.
1223,1223:6,lavaÅŸ yediriyor gibi.
1223,1223:7,DÃ¶neri Ã§ok beni sarmadÄ±.
1224,1224:0,En Ã¶nemli Ã¶zelliÄŸi olan dÃ¶neri hariÃ§ geri kalan her ÅŸey iyiydi.
1224,1224:1,"Yemek Ã¶ncesi ikramlar, garsonlarÄ±n ilgisi ve servis hÄ±zÄ± gÃ¼zeldi."
1224,1224:2,Ama dÃ¶neri methedildiÄŸi kadar deÄŸilmiÅŸ.
1225,1225:0,"ManzarasÄ± sÃ¼per, zaten sÃ¼per olan baÅŸka birÅŸeyde yok."
1225,1225:1,DiÄŸer lezzetlerin tamamÄ± standart.
1225,1225:2,Bu lezzetlere gÃ¶re uygÄ±lanan fiyatlarda pahalÄ± bence.
1225,1225:3,Manzara parasÄ± eklenmiÅŸ yiyeceklerin Ã¼zerine
1226,1226:0,"TÃ¼nel'de ev yemeÄŸi yemek iÃ§in gÃ¼zel bir alternatif ve lezzetli olsa da rahatlÄ±k aÃ§Ä±sÄ±ndan bana iyi bir hissiyat vermemiÅŸti, hemen yemek yiyip kalkmalÄ±k mekanlardan Ã§Ã¼nkÃ¼ masa sayÄ±sÄ± Ã§ok az ve masanÄ± yÃ¼ksek ihtimalle baÅŸkalarÄ±yla paylaÅŸÄ±yorsun."
1226,1226:1,Yine de ayda yÄ±lda bir gidilebilir.
1227,1227:0,Zeytinyagli yemekleri cok basarili ve her yerde olan klasik yemekler yerine farkli tatlar var.
1227,1227:1,Oldukca da bol kepceden hizmet veriyorlar ve 5cesit zeytinyagli icin 13-14tl oduyorsunuz.
1227,1227:2,"ogle yemeklerinde hele de yazin favori yerlerimden,ama maalesef ufak bir mekan oldugu icin yer bulmak zor olabiliyor ama birazcik beklerseniz imkansiz degil"
1228,1228:0,ManzarasÄ± sÃ¼per.
1228,1228:1,GerÃ§ekten Ã§ok gÃ¼zel bir konumda yer alÄ±yor.
1228,1228:2,Servisi hÄ±zlÄ±.
1228,1228:3,Ne zaman gitsek gÃ¼ler yÃ¼zle ayrÄ±lÄ±yoruz.
1228,1228:4,KÃ¶fteleri de lezzetli.
1229,1229:0,Taksimin kalabalik dar sokaklarindan kucucuk bir kapidan girip ulastiginiz yemyesil bir bahce adeta kucuk bir supriz :
1229,1229:1,) biz burayi cok sevdik cok romantik cok tatli.
1229,1229:2,Tek kusuru masalar biraz yakin birbirine.
1229,1229:3,Kirmizi limonata ve limon vitamin tercih ettik ve ikisine de bayildik.
1229,1229:4,Mutlaka gelin gorun.
1230,1230:0,Manzarasi mukkemmel denize sifir olmasi sebebiyle.
1230,1230:1,Bahcesi huzurlu.
1230,1230:2,Ä°cerisi icin ayni seyi soyleyemiycm temiz bulmuyorum.
1230,1230:3,Self servis olayi sÄ±kÄ±cÄ±.
1230,1230:4,Bir yandan iyi pesinizde dolanan garsonlar yok.
1230,1230:5,Girip hava almak icin oturabilceginiz br yer.
1231,1231:0,"Ã‡ok kalabalÄ±k olduÄŸundan pek sohbete uygun deÄŸil, ancak mekan gayet gÃ¼zel, iÃ§ kÄ±sÄ±m Ã§ok gÃ¼zel kokuyor."
1231,1231:1,Ama kalabalÄ±k ve gÃ¼rÃ¼ltÃ¼den dolayÄ± Ã§ok fazla duramadÄ±k.
1232,1232:0,Eski performansini ariyoruz - Baslarda mÃ¼ptelasi oldugum ama son zamanlarda kalitesi oldukÃ§a dÃ¼sen bir mekan.
1232,1232:1,Ilk kez yiyen iÃ§in mÃ¼kemmel ama ilk aÃ§ildigindaki lezzeti kaybetti.
1233,1233:0,En iyi konumlu Ã¶gretmenevi!
1233,1233:1,"- Anadolu Hisari'nin hemen yanindaki Sabanci Ã–gretmenevi, herkesin kullanimina aÃ§ik olan bir tesis."
1233,1233:2,"Toplamda 4 salon ve bir kafeteryadan olusan tesiste uygun fiyat hizmet almak ve 4 ayri salonda dÃ¼gÃ¼n, nisan, okul yemegi, toplanti gibi organizasyonlar gerÃ§eklestirmek mÃ¼mkÃ¼n."
1233,1233:3,Kafeteryasinin self servis olmasi bir eksi gibi gÃ¶rÃ¼nse de Bogaz'daki Ã§ay keyfi tartisilmaz!
1234,1234:0,"Tamam yemekler guzel de, pilav da kurufasulye de soguk!"
1234,1234:1,"Cok kalabalik oldugu icin servis de aksiyor tabii, calisanlar bikkin."
1234,1234:2,"Bir kere gittim, bir daha gitmem."
1235,1235:0,Hani sizi keyifli sohbet ortamlari ile bÃ¼tÃ¼nlestiren ve ardindan damakta biraktigi Lezzet ile mÃ¼davimi yapan yerler vardir!
1235,1235:1,O adreslerden biridir!
1235,1235:2,Pazar kahvaltilari benim IÃ§in mabeyin'dir.
1236,1236:0,Namini duyup gittigim yerlerden ama mezeler gelince ortada nam falan kalmadi malesef.
1236,1236:1,Ayrica sacma sapan hesapta gelip sonrasinda bahsisle calisan valenin para diye tutturmasida cabasi.
1236,1236:2,Begenmedim malesef.
1237,1237:0,"Bize mi denk geldi bilmiyorum ama, uzun zamandÄ±r yediÄŸim en kÃ¶tÃ¼ yemeÄŸi burada yedim, Ã¼stÃ¼ne servis de Ã§ok Ã§ok kÃ¶tÃ¼ydÃ¼."
1237,1237:1,MenÃ¼nÃ¼n hiÃ§ bir Ã¶zelliÄŸi yok.
1237,1237:2,"Birbirinin kopyasÄ± olan, standart kafe yemekleriyle mÃ¼ÅŸteri kazÄ±klamaya Ã§alÄ±ÅŸan tipik yerlerden biri."
1238,1238:0,HisarÃ¼stÃ¼ne Ã§ok yakÄ±ÅŸan bir bar olmuÅŸ iÃ§ dizaynÄ±nÄ± Ã§ok gÃ¼zel yapmÄ±ÅŸlar ama kÄ±ÅŸ aylarÄ±nda biraz soÄŸuk olma problemi var :
1238,1238:1,( 4 tarafÄ± cam olduÄŸu iÃ§in yeterince Ä±sÄ±tamÄ±yorlar.
1238,1238:2,YÄ±lbaÅŸÄ± iÃ§in 100 liraya sÄ±nÄ±rsÄ±z yabancÄ± alkollÃ¼ bir etkinlikleri olmasÄ± da Ã§ok gÃ¼zel :
1239,1239:0,Hamburgerini pek beÄŸenmedim ama diÄŸer yemekleri lezzetli olabilir belki.
1239,1239:1,SÃ¼rekli kalabalÄ±k olan bir mekan.
1239,1239:2,Ãœniversiteliler Ã§ok sÄ±k uÄŸruyor.
1239,1239:3,KadÄ±kÃ¶ydeki gÃ¶zde mekanlardan biri
1240,1240:0,Ã‡ay denilince akla ilk gelen yer:
1240,1240:1,)) 60'a yakÄ±n Ã§eÅŸitte Ã§aydan birini mutlaka seviceksiniz:
1240,1240:2,) ben karamel aramalÄ± Ã§ayÄ± Ã§ok sevdim adÄ±nÄ± hatÄ±rlamasamda siz iÃ§inde karamel var dediÄŸinizde tek gelicek o olucaktÄ±r:
1240,1240:3,)) mekan inanÄ±lmaz keyifli iÃ§erdeki koltuklardan kalkmak istemiyor insan:
1241,1241:0,Kesinlikle verdiÄŸim puanÄ± hakeden bir mekan.
1241,1241:1,KÃ¼Ã§Ã¼k ÅŸirin bir konsepte sahip.
1241,1241:2,Pizza Fagotto favori lezzetim ve daha iyisini yiyene kadar benim iÃ§in en iyi pizza bu.
1242,1242:0,DÃ¼sen kalite - Eskiden ne Ã§ok severdim patlicanli gÃ¼veÃ§ kebabini...
1242,1242:1,Yakinlarda gittim servis berbat.
1242,1242:2,"Fiyat yÃ¼ksek, kart geÃ§miyor..."
1242,1242:3,Yine de sorbe dondurmasi gÃ¼zeldir.
1243,1243:0,KÄ±sÄ±klÄ±'ya yakÄ±n olan mekanÄ±n Åatobiryan isimli etini deneyin.
1243,1243:1,"YalnÄ±z Ã¶nceden arayÄ±n, var mÄ± kaldÄ± mÄ± diye sorun."
1243,1243:2,Ã–zel bir sunumla masanÄ±za geliyor.
1243,1243:3,Bir de mantar Ã§anaklarÄ± denenebilir.
1244,1244:0,"Harika manzara, gÃ¼zel lezzetler - Manzarasi ve yiyecekleri son derece gÃ¼zel, her Ã§esit yiyecek mevcut ve son derece lezzetli fiyatlari ise Ã§ok Ã§ok uygun."
1244,1244:1,Halka aÃ§ik olmasi ise son derece gÃ¼zel.
1244,1244:2,Ã‡ok kalabalik olusu ve yer bulamamak sikinti olsa da gidilmesi gereken yerlerden biri.
1245,1245:0,Hisarustu'ndeki en genis mekan olmasina ragmen ferah bir yer degil.
1245,1245:1,"Kalabalik gruplar icin uygun, bu acidan buyuk avantaj sagliyor."
1245,1245:2,Belli bir saate kadar bistro seklinde olusu da guzel.
1245,1245:3,Yazin camekan olmasi hos ancak kisin donmustuk.
1245,1245:4,Ilk kez kÄ±s gecirmesinden midir bilmem ama su da akiyordu tepemizden.
1246,1246:0,"Kendi biralarindan denenmeli, guzel biralar vardi."
1246,1246:1,Isterseniz denemek icin farkli biralardan kucuk bardaklarda alabiliyorsunuz.
1246,1246:2,"Keyifli bir ortam ve cok da kalabalik degildi, tavsiye edilir"
1247,1247:0,KadÄ±kÃ¶yde hemen hemen gitmediÄŸim bar kalmadÄ± diyebilirim.
1247,1247:1,"Alkol Ã§eÅŸitliliÄŸi, yemekleri, dekorasyonu, barmeni, mÃ¼ÅŸteri profili olarak benim iÃ§in KadÄ±kÃ¶y'dekl en iyi mekandÄ±r."
1247,1247:2,"Ã‡alÄ±ÅŸanlarÄ±n, iÅŸletmecinin hatta sahibinin misafirperverliÄŸi ve samimiyetini baÅŸka bir mekanda bulabileceÄŸinizi sanmÄ±yorum."
1247,1247:3,Her daim gidilebilecek bir mekan.
1247,1247:4,"YalnÄ±z, maÃ§ gÃ¼nlerinde bir gÃ¼n Ã¶nceden rezervasyon yapmalÄ±sÄ±nÄ±z."
1247,1247:5,MaÃ§ gÃ¼nÃ¼ yer bulmanÄ±z Ã§ok zor.
1248,1248:0,KadÄ±kÃ¶y'Ã¼n kemik mekanÄ±.
1248,1248:1,Hep klasik kaliteyi bulabilmeniz mÃ¼mkÃ¼n.
1248,1248:2,Hafta sonu kahvaltÄ±sÄ± iÃ§in de gÃ¶nÃ¼l rahatlÄ±ÄŸÄ±yla tercih edebileceÄŸiniz bir mekan
1249,1249:0,Ramazan ayÄ±nda gitme fÄ±rsatÄ± buldum yeÅŸillik iÃ§inde hoÅŸ ve dÃ¼zgÃ¼n bir mekan.
1249,1249:1,Ä°ftar Ã¶ncesi ve sonrasÄ±nda gÃ¼zel mÃ¼zik ziyafeti sundular.
1249,1249:2,Esas konumuz olan yemeklere gelince Ã§ok pozitif olamaycaÄŸÄ±m.
1249,1249:3,ben aynÄ± fiyatlara Ã§ok daha lezzetli yemekler yiyorum bu ÅŸehirde.
1250,1250:0,MekanÄ± bilmeyeniniz yoktur.
1250,1250:1,"KÄ±z kulesi karÅŸÄ±sÄ±nda eÅŸÅŸsiz bir manzara , meÅŸhur olduktan sonra tabiki her yer gibi lezzet kalitesi dÃ¼ÅŸÃ¼yor."
1250,1250:2,Bu konuda her mekan bÃ¶yledir
1251,1251:0,"Telefonla aradÄ±ÄŸÄ±mda rezervasyon alamÄ±yoruz deyip, oraya gittiÄŸimde istediÄŸim masaya ""orasÄ± rezerve beyefendi"" diyerek oturtmayan, insanlarÄ± gÃ¶rÃ¼nÃ¼ÅŸÃ¼ne gÃ¶re aÃ§Ä±kÃ§a tersleyen ukala ve sevimsiz garsonlara sahip."
1251,1251:1,Big Chefs isminin verdiÄŸi gÃ¼ven ve muhitinde rakibi olmamasÄ± yÃ¼zÃ¼nden sÃ¼rekli dolu olabilir ama bÃ¶yle giderlerse Ã§ok mÃ¼ÅŸteri kaybederler.
1252,1252:0,Hamburgerlerini seviyordum ama son deneyimim beni mutlu etmedi.
1252,1252:1,Bir kez daha sans vereceÄŸim.
1252,1252:2,"Servisi bazen iyi, bazen kÃ¶tÃ¼."
1252,1252:3,Mekan tasarÄ±mÄ± iyi.
1253,1253:0,Ofiste bir tatli kriziyle Tavuk GÃ¶gsÃ¼ ve Kabak Tatlisi siparis ettik.
1253,1253:1,Ikisi de birbirinden lezzetli.
1253,1253:2,Hatta sanirim hayatimda yedigim en lezzetli Tavuk GÃ¶gsÃ¼'nÃ¼ yedim.
1253,1253:3,Keske fotograf Ã§ekmeye de firsatimiz olsaydi.
1253,1253:4,) Bu arada hizli servis iÃ§in tesekkÃ¼r ediyoruz.
1253,1253:5,Tatli krizi ancak bÃ¶yle sahane bastirilabilirdi.
1254,1254:0,mekan emniyet mah cafe ve restorant olmak sartiyla iki bÃ¶lÃ¼mden olusuyor her ikisinide denedim gayet genel itibari ile gÃ¼zel bir mekan kuzu bonfilesi gÃ¼zeldi ilgi normaldi Ã§ok kalabalik bir mekan iÃ§ecekler genel olarak gÃ¼zeldi giriste mini sarkÃ¼teride alisverise isik tutuyor gÃ¼zeldi fiyatlar birazcik fazla
1255,1255:0,gerÃ§ekten bir Ã¶zelligi olmayan Ã§esidi bol konumu itibari ile talep gÃ¶ren Ã§ok sikisik havasiz normal bir mekan fiyatlar hayli yÃ¼ksek sÃ¼per bir Ã¶zelligi olan bir yemegi varsa sÃ¶yleyin arkadaslar
1256,1256:0,Servisi ve yemekleri bu kadar kÃ¶tÃ¼ restorant bulmak istanbulda zor olsa gerek.
1256,1256:1,"Yenmeyecek kadar kÃ¶tÃ¼ kebaplari, ukala garsonu ve en lÃ¼ks restoranda Ã¶deyecegini alkollÃ¼ yemek fiyatiyla karsilasirsiniz."
1256,1256:2,Belediye bu isletmenin ruhsatini acil olarak iptal etmelidir.
1257,1257:0,Herseyi birakin manzarasi yeter zaten.
1257,1257:1,Denize sifir hatta oyle ki gecen gemilerden dolayi olusan dalgalar sizi islatir mi acaba diye bir korkuya kapiliyorsunuz ;) kahve ic manzarayi yani bogazi seyret yetti de artti bile.
1258,1258:0,Sadece manzarasÄ± baÅŸka bence artÄ± deÄŸeri yok.
1258,1258:1,O da eÄŸer yer bulabilirseniz.
1258,1258:2,Ã‡alÄ±ÅŸanlarÄ± Ã§ok kaba.
1258,1258:3,Sizi saatlerce sÄ±rada bekletip Ã¶nÃ¼nÃ¼ze baÅŸkalarÄ±nÄ± alabiliyor.
1258,1258:4,Passion fruit'lu dondurmasÄ± ve iÃ§eceÄŸini beÄŸendim.
1258,1258:5,AÅŸÅŸk-Ä± Memnu vasat bir tada sahip bence.
1258,1258:6,Bir daha gider miyim?
1258,1258:7,Bilmiyorum.
1259,1259:0,Fena deÄŸil ama menemen iÃ§in fiyat yÃ¼ksek.
1259,1259:1,"Bu arada porsiyon da oldukÃ§a bÃ¼yÃ¼k, iki kiÅŸiye rahatlÄ±kla yeter."
1259,1259:2,Ã‡ok sulu olduÄŸu iÃ§in zaten bol ekmekle yeniyor.
1260,1260:0,Tam anlamiyla harika bir mekan ic mekan konseptiyle tam kis mevsimine uygun ozellikle kisin kahvalti icin guzel bir mekan ariyorsaniz buraya bi ugrayin derim
1261,1261:0,HayÄ±r.
1261,1261:1,Ã–zellikle gÃ¼zel bir havada gidiyorsanÄ±z deniz kÄ±yÄ±sÄ±ndaki masalarÄ±nda oturmak iÃ§in epey bi sÄ±ra bekleyebilirsiniz.
1261,1261:2,"Mekan kÃ¼Ã§Ã¼k ama ÅŸirin, aÅŸk-Ä± memnu'yu daha Ã¶nce hiÃ§ bitiremedim ama gerÃ§ekten Ã§ok gÃ¼zel bir tadÄ± var."
1261,1261:3,"Servis sÄ±kÄ±ntÄ±lÄ±ydÄ±, sevemedim."
1261,1261:4,AyrÄ±ca bahsettiÄŸim meÅŸhur tatlÄ± 21 tl
1262,1262:0,AslÄ±nda doymuÅŸtuk ama gÃ¶zÃ¼mÃ¼zÃ¼n aÃ§lÄ±ÄŸÄ±ndan patatesli mantÄ±sÄ±nÄ± da denedik gayet iyiydi ama ekstra bir Ã¶zelliÄŸi yoktu.
1262,1262:1,Ä°Ã§erisi biraz yemek kokuyordu ve Ã§alÄ±ÅŸanlarÄ±nda gereksiz bir negatif enerji vardÄ±.
1262,1262:2,Ä°nÅŸallah sadece o gÃ¼ne Ã¶zgÃ¼ bir negatifliktir Ã§Ã¼nkÃ¼ FÄ±ccÄ±n'Ä±n tadÄ± damaÄŸÄ±mda yine gitmek gerek.
1262,1262:3,Fiyatlar gayet uygun.
1263,1263:0,Bu civarda gÃ¼zel kahvaltÄ± edilecek yerlerden diye girdik ama durum pek Ã¶yle olmadÄ±.
1263,1263:1,Menemeni gÃ¼zel denebilir.
1263,1263:2,Ama kahvaltÄ± seÃ§enekleri zayÄ±f zira fotoÄŸraftaki sÃ¶zde zengin kahvaltÄ± tabaÄŸÄ± karar sizin.
1263,1263:3,Zengini buysa normali nasÄ±l olur.
1264,1264:0,Ã‡ok Ã¶vÃ¼lÃ¼p merak ettiÄŸimiz ama yine piÅŸman olduÄŸumuz bir yer.
1264,1264:1,Bu kadar popÃ¼lersin o kÃ¶tÃ¼ durumdaki mekanÄ± tadilattan geÃ§irmek Ã§ok mu zor.
1264,1264:2,AdÄ±yla meÅŸhur menemen yiyeyim dedim domates kabuÄŸu ayÄ±klamaktan hiÃ§bir ÅŸey anlamadÄ±m.
1264,1264:3,O kabuklarÄ± soymak ne kadar zor ki?
1264,1264:4,Hele de adÄ±nÄ± aldÄ±ÄŸÄ±n bir ÅŸeyde.
1264,1264:5,Sucuklu yumurtasÄ±nda da sucuklar fazla piÅŸmiÅŸti.
1265,1265:0,HerÅŸeyine kefil OlduÄŸum bir mekan.
1265,1265:1,GarsonlarÄ±ndan aÅŸÃ§Ä±larÄ±na kadar Ã§ok iyiler burada yediÄŸiniz yemekler ve tabaklarÄ±n taklidi bulabilirsiniz ama bu tadÄ± baÅŸka yerde bulamazsÄ±nÄ±z kardeÅŸler keep calm and eat from Happy Moons
1266,1266:0,"AdÄ± Ã¼zerinde ""menemeni"" ile Ã¼nlÃ¼, sÄ±cak, samimi, esnaf restoranÄ±."
1266,1266:1,"Menemeni leziz, balÄ± enfes ama Ã§ayÄ± iÃ§in olumlu bir yorum yapamayacaÄŸÄ±m."
1266,1266:2,KarÅŸÄ±sÄ±nda da lokantasÄ± bulunuyor ama ben size derim ki gidin menemen ve bal kaymakla gÃ¼zel bir kahvaltÄ± yapÄ±n.
1266,1266:3,"Fiyatlar da gayet uygun, ortalamanÄ±n altÄ±nda."
1267,1267:0,"Sampi, avarajda olsa da, otobÃ¼s yolculuÄŸu yapanlarÄ±n mutlaka uÄŸradÄ±ÄŸÄ± yerdir."
1267,1267:1,"Pideleri Ã§eÅŸitli, daha Ã§ok Karadeniz pidesi tÃ¼rÃ¼nde."
1267,1267:2,"Ã–zellikle gitmekten Ã¶te, denk gelince gidileceklerden bence."
1268,1268:0,Happy moon's larÄ±n yÃ¼z karasÄ±.
1268,1268:1,Ã‡alÄ±ÅŸanlar Ã§ok kÃ¶tÃ¼.
1268,1268:2,Lezzet sÄ±fÄ±r.
1268,1268:3,MenÃ¼de alkol bulundurmayan tek gereksiz happy moon's.
1268,1268:4,OlduÄŸu sokaktaki siz masada yemek yerken ki yanÄ±nÄ±za yapÄ±ÅŸanlarla da mÃ¼cedele edemesi cabasÄ±.
1269,1269:0,Kis aylarinda tercih sebebi - Ã–zellikle kisin bu kÃ¼tÃ¼k evde sahlep iÃ§mek oldukÃ§a gÃ¼zeldir.
1269,1269:1,Aparatifleri de aÃ§liginizi yaristirmak iÃ§in birebirdir.
1269,1269:2,Nargilesi de mevcut olan mekan genelde hep doludur.
1270,1270:0,Kuru fasÃ¼lye iÃ§in tercih etmek gerek diye dÃ¼sÃ¼nÃ¼lsede tereyagli pilavi Ã§ok daha dogal.
1270,1270:1,Kuru hakikaten lezzetli ama iÃ§indeki yagin margarin oldugunu hissediyorum.
1270,1270:2,Bu lezzetlerin yaninda verilen kÃ¼Ã§Ã¼k aci biberler bence sofranin favorisi.
1271,1271:0,((( hayal kirikligi - Uzunlar'a ilk gittigimdeki tadi ikinci gidisimde bulamadim...
1271,1271:1,Ilk gittigimde Ã§ok lezzetli gelen dÃ¼rÃ¼m 2. gidisimde tam bir fiyaskoydu Ã§ok yagli oldugundan yiyemedik arkadaslarla aÃ§ kaldik resmen :
1271,1271:2,"((( Mekanin kalabalik olmasindan mi kaynakliydi bu dikkatsizlik anlam veremedim, bu kadar Ã¶vgÃ¼ almasina ragmen bÃ¶yle olumsuz bir durum ilginÃ§ geldi."
1272,1272:0,Seyir terasi - Istanbul'u seyretmenin en Ã§ok keyif verdigi yerlerden biridir.
1272,1272:1,Manzarasi sakinlestirir ve huzur verir.
1272,1272:2,Personel ilgilidir.
1272,1272:3,Burada kendinizi kÃ¶tÃ¼ hissetmezsiniz ve mutlu ayrilirsiniz.
1273,1273:0,"Lezzetli yemekler, rahat ortam ve uygun fiyatlar."
1273,1273:1,Tek sorunu ulaÅŸÄ±mÄ± birazcÄ±k sÄ±kÄ±ntÄ±lÄ±.
1273,1273:2,Ã–zel aracÄ±mÄ±zla nereden gireceÄŸimizi pek kestiremedik ancak 10 dakikalÄ±k bir Ã§aba sonununda mekana ulaÅŸtÄ±k.
1273,1273:3,YemeÄŸin ardÄ±ndan cafe ortamÄ±na devam edebilirsiniz.
1273,1273:4,"AynÄ± zamanda Tavla, okey gibi oyunlarÄ± da oynayabileceÄŸiniz bÃ¶lÃ¼mleri var."
1273,1273:5,Gayet kullanÄ±ÅŸlÄ± ve uygun.
1274,1274:0,YazÄ±n daha da gÃ¼zel olan mekan.
1274,1274:1,en sevdÄ±gÄ±m big chef ÅŸubesi arkadaÅŸlarÄ±nÄ±zla keyifli zaman geÃ§ireceÄŸiniz bu mekan gÃ¶ksunun incisi tekrar gidiceÄŸinizden emin olabilirsiniz
1275,1275:0,Manzaradan kurtaran bir mekan.
1275,1275:1,Pek sevmedim acikcasi.
1275,1275:2,Kofteleri de cok cok mukemmel degil.
1275,1275:3,Idare eder denilebilir.
1275,1275:4,Guler yuz yok.
1275,1275:5,Gurultulu ve aksam saatlerinde oldukca kalabalik oluyor.
1276,1276:0,OturduÄŸunuz sÃ¼rece sÃ¼rekli patlamÄ±ÅŸ mÄ±sÄ±r getiriyorlar.
1276,1276:1,DurmazsanÄ±z bir saat iÃ§inde yaklaÅŸÄ±k 10 kase falan yiyebilirsiniz.
1276,1276:2,AyrÄ±ca en son Premier League maÃ§larÄ±nÄ± da veriyorlardÄ±.
1277,1277:0,"Kuru fasulyenin lezzetine diyecek sÃ¶z yok, fiyatlar da makul sayÄ±lÄ±r ancak mekan dÃ¼ÄŸÃ¼n salonundan bozma."
1277,1277:1,En nihayetinde kuru fasulyeci ancak ortam daha zevkli hale getirilebilir.
1278,1278:0,"Mekanin konumu Ã§ok muhtesem konsept, hizmet ve Ã¼rÃ¼nler vasat."
1278,1278:1,- Anadolu hisarinda bir tarafi GÃ¶ksu Deresi diger tarafi Istanbul Bogazinin akip giden masmavi sulari ama hepsi bu kadar.
1278,1278:2,Ben farkli zamanlarda gittim ama mekanin kimligi enerjisi bana hitap etmiyor...
1278,1278:3,Mutlaka mÃ¼davimleri vardir ama beni Ã§ekmiyor.
1278,1278:4,Ama bu mekan iyi bir isletmeci ile sÃ¶yle iyi bir sekilde elden geÃ§se Ã§ok iyi isler Ã§ikar buradan...
1279,1279:0,Konum olarak aslinda Ã§ok gÃ¼zel bir yerde.
1279,1279:1,Belki mekanin Ã¼st kisminda otursaydik bÃ¼yÃ¼k bir ihtimal manzarada vardir ama biz maalesef otoparkta oturdugumuz iÃ§in arabadan ve agaÃ§tan bir sey gÃ¶remedik.
1279,1279:2,Sanirim ramazana Ã¶zel bir uygulamaydi bu otoparkta masa.
1279,1279:3,Eger gidecekseniz Ã¶zellikle mekanin Ã¼st katlarinda olmasini isteyin.
1279,1279:4,Lezzet konusunda da aman aman bir lezzeti yoktu.
1279,1279:5,Manzarasi iÃ§in giderim diyorsaniz denenebilir.
1280,1280:0,"IÃ§i gayet sikici, kredi karti geÃ§erli olmayan, Ã§orbayi kase yerine dÃ¼z tabakta servis eden, personeli asik suratli, etlerin sadece bir parÃ§a olarak geldigi ve neden bu kadar meshur oldugunu anlayamadigim gereksiz bir yer."
1281,1281:0,"Son derece kotu servis, anlatilamayacak kadar hizmet sekorunden uzak, baska bir dunyada personel."
1281,1281:1,Bir kebapci icin olmazsa olmaz olan iyi servis ve guleryuzlu ilgili personeli burda hayal bile etmeyin.
1281,1281:2,"Servis de personel de koca bir ""0"""
1282,1282:0,servis yavastu .
1282,1282:1,garson a nie yavas oldugunu sordugumda 500 kisi var normaldir cvbini aldim.
1282,1282:2,marifet bes yuz kisi almakta degil bunlar :
1282,1282:3,hizli sunabilmekte...
1282,1282:4,kesinlikle tercih etmicem bi daha
1283,1283:0,"normal - Pizzalari yeterince ince ama spesifik bir tadi eksik,mekan olarakta cok ozel olmadigindan gidilmesine gerek olmayan bir yer kanimca."
1284,1284:0,Rezalet otesi bir mekan.
1284,1284:1,Cok kaba saba garsonlari ve hizmeti olan dandik bir mekan.
1284,1284:2,"Manzarasi disinda tirt, sunumu da berbat gercekten."
1284,1284:3,Tatli yemek istedik kalkin baska yere oturun dedi terbiyesizler.
1285,1285:0,Tevazuya gerek yok abartÄ± da deÄŸil.
1285,1285:1,Ä°stanbulun en iyi dÃ¶nerini yapÄ±yorlar.
1285,1285:2,Kaliteli lezzeti zaten biz deÄŸerlendiremeyiz.
1285,1285:3,Ancak servis harika 250 kiÅŸilik dÃ¼kkanda herkese yetiÅŸiyorlar.
1285,1285:4,"DÃ¶nerin yanÄ±ndaki patates, salata bile sÃ¼per."
1285,1285:5,HavuÃ§ dilimi tatlÄ± da denenebilir.
1285,1285:6,Tek eksik ayranÄ± kendilerinin yapmamasÄ±.
1285,1285:7,BÃ¶yle bir yer iÃ§in el yapÄ±mÄ± ayran ÅŸart.
1286,1286:0,"Mekan Ã§ok gÃ¼zel, menÃ¼de 10larca seÃ§enek var ama malesef yemekler lezzetli deÄŸil."
1286,1286:1,TÃ¼m puanÄ± mekan hakediyor.
1286,1286:2,Kahve iÃ§mek isterseniz gÃ¼zel bir tercih ama yemek yemek iÃ§in aynÄ± ÅŸeyi sÃ¶yleyemeyeceÄŸim
1287,1287:0,BÃ¼yÃ¼k porsiyonlar anca bir normal porsiyon olduÄŸunda kÃ¼Ã§Ã¼k pizzalari tavsiye edemem.
1287,1287:1,Anca atÄ±ÅŸtÄ±rmalik olur.
1287,1287:2,Ortam olarak baya kÃ¼Ã§Ã¼k bir dÃ¼kkÃ¢n ve ortakÃ¶ye uygun.
1287,1287:3,Hamur biraz fazla inceydi ve peynir daha bol olabilir.
1287,1287:4,Domates sosu malesef Ã§ok zayif kaldi ve pizzanin seviyesini dÃ¼ÅŸÃ¼rÃ¼yor.
1287,1287:5,Fiyatlar orta ile yÃ¼ksek arasi.
1288,1288:0,"Kendi biralarÄ±nÄ± Ã§oÄŸunluÄŸun aksine pek beÄŸenmedim, hatta ilk defa bir birayÄ± bitiremedim."
1288,1288:1,"Biraz boÄŸucu bir mekan, haftasonlari Ã¶zellikle Ã§ok kalabalÄ±k oluyor."
1289,1289:0,KalabalÄ±ÄŸÄ±n iÃ§inde hiÃ§ beklenmeyecek kadar ferah ve gÃ¼zel bir mekan.
1289,1289:1,"Bunun dÄ±ÅŸÄ±nda, her ne kadar Ã§oÄŸu zaman talebi karÅŸÄ±lamasa da sunduklarÄ± bira menÃ¼sÃ¼ burayÄ± Ã§ok Ã§ekici kÄ±lÄ±yor."
1289,1289:2,Yemekleri de Ã§eÅŸit konusunda Ã§ok zengin deÄŸil ama lezzetli.
1289,1289:3,"Denediklerimizden, Tavuk Schnitzel mÃ¼kemmel, Tavuklu Wrap harikaydÄ±!"
1289,1289:4,Bir de Ã§eÅŸitli homemade ice tea ve limonatalarÄ± gerÃ§ekten baÅŸarÄ±lÄ± :
1290,1290:0,Etleri mezeleri basarili ama porsiyonlar inanilmaz buyuk.
1290,1290:1,3 kisi 2 kisi icin getirdiklerini rahatlikla yiyebilir.
1290,1290:2,3 gidip 2 kisilik getirin derseniz yiyecekler bu sekilde geliyor ama kisi basina 70tl yaziyorlar cok sacma olmus
1291,1291:0,5 Ã§ayÄ±nÄ±n ideal adresi karakÃ¶y'de dem.
1291,1291:1,50'den fazla Ã§ay Ã§eÅŸidi ile damak zevkinizi bi yerde yakalayacaÄŸÄ± kesin!
1291,1291:2,"Benim tavsiyem vanilya aromalÄ± bourban vanilla, tatlÄ± ihtiyacÄ±nÄ±z iÃ§inse damla sakÄ±zlÄ± mastika keki."
1291,1291:3,"Hizmet, ilgi alaka herÅŸey ÅŸahane!"
1292,1292:0,iyi ki gittim de yedim dediÄŸim bir ÅŸey yok.
1292,1292:1,hatta aynÄ± ÅŸeyleri yediÄŸim diÄŸer gÃ¼llÃ¼oÄŸlu ÅŸubeleri bence daha taze ve lezzetliydi.
1292,1292:2,oturma yeri de Ã§ok yok.
1292,1292:3,bu kadar meÅŸhur olmasÄ± bana garip geldi aÃ§Ä±kÃ§asÄ±.
1293,1293:0,Manzara severlere...
1293,1293:1,"- O manzaraya bu yemekler, bu servis olmamis :"
1293,1293:2,"(( Ãœstelik fiyatlarda, yemeklerine nazaran uygun degil."
1293,1293:3,Yemekleri iÃ§in giderseniz memnuniyetsiz ayrilabilirsiniz; ama manzara seviyorsaniz kesin gidilmeli.
1293,1293:4,"Hele de Istanbul hayraniysaniz, iste o zaman hiÃ§ tereddÃ¼t etmeyin..."
1294,1294:0,KadikÃ¶y'de gitmekten zevk aldÄ±ÄŸÄ±m mekanlardan birtanesi.
1294,1294:1,"English pub tarzÄ±nda dekorasyona sahip, bira Ã§eÅŸitliliÄŸi fazla olan tarz bir mekan."
1294,1294:2,"Yemek olarak schinitzel ve burger denedik, biranÄ±n yanÄ±nda iyi gitti."
1294,1294:3,KÄ±ÅŸ aylarÄ±nda iÃ§eride oturmanÄ±zÄ± Ã¶neririm dekorasyon ve ortam keyif veriyor...
1294,1294:4,MaÃ§ gÃ¼nleri rez.
1294,1294:5,yaptÄ±rsanÄ±z iyi olur.
1295,1295:0,Dekorasyonu renkleri cok sicak ve sevimli.
1295,1295:1,Ev yemeÄŸi yemek isteyenler iÃ§in ideal bur mekan tek bir ÅŸartla ne yiyecegini bilmen lazÄ±m Ã§Ã¼nkÃ¼ hersey cok lezzetli degil.
1295,1295:2,"Servis yavas, Ã§alÄ±ÅŸanlarÄ±n birbirleriyle diyaloglarÄ±ni da pek sevmedim."
1295,1295:3,Mekan kalabalÄ±k olduÄŸunda stres kontrolu diye biÅŸey kalmiyor sanirim.
1296,1296:0,Ä°stanbul ÅŸubesi Ã§okta gÃ¼zel deÄŸil Ã§aldÄ±klarÄ± mÃ¼zikler hard rock'tan Ã§ok popÃ¼ler olmuÅŸ.
1296,1296:1,AynÄ± konsept servisi gÃ¼zel ama diÄŸerleriyle kÄ±yaslandÄ±ÄŸÄ±nda biraz vadat ve taksim iÃ§in pahalÄ±
1297,1297:0,Arka bahÃ§esi tÃ¼m yorgunluÄŸunu alÄ±yor insanÄ±n.
1297,1297:1,KoÅŸuyolunun en iyilerinden kirpi en Ã§ok diyet yapanlarÄ±n sevdiÄŸi bir mekan Ã§Ã¼nkÃ¼ menÃ¼sÃ¼ saÄŸlÄ±klÄ± beslenmeye uygun.
1298,1298:0,Masa yerlesimleri pek guzel degil oturma duzeni olmamis.
1298,1298:1,Yer bulmak da zor oluyor.
1298,1298:2,Cok cesitli caylar var ancak fiyatlari biraz yuksek.
1298,1298:3,Ä°ngiliz cayi istedigimde sut getirmediler gerekce olarak da kotu oldugunh soylediler garson tersledi hatta
1299,1299:0,KurufasÃ¼lye ne kadar deÄŸiÅŸik olabilir demeyin Bizce Kuru'da yediÄŸim kurufasulyeden gelen hafif ÅŸekerli tat beni kendine hayran bÄ±raktÄ± resmen.
1299,1299:1,TereyaÄŸlÄ± pilavlarÄ± ve tava yoÄŸurdu da Ã§ok baÅŸarÄ±lÄ±.
1299,1299:2,Ãœzerine bal ve fÄ±ndÄ±k dÃ¶kÃ¼lmÃ¼ÅŸ sÃ¼tlaÃ§larÄ± Ã§ok cezbedici gÃ¶zÃ¼kse de sÃ¼tlaÃ§ tadÄ±nÄ± alamadÄ±m daha Ã§ok muhallebi gibiydi.
1299,1299:3,AyrÄ±ca hergun Ã§Ä±kardÄ±klarÄ± farklÄ± zeytinyaÄŸlÄ± yemekleri de Ã§ok baÅŸarÄ±lÄ±.
1299,1299:4,Fiyatlar ortalamanÄ±n biraz ustunde malesef.
